1,radzi.ismail@host.demo.my,pass68,Radzi Ismail,Radzi Ismail,013-599 4022,Not Provided,Arts & Crafts,"Radzi Ismail offers visitors meaningful cultural insights through warm, community-driven experiences. His welcoming nature ensures an enjoyable and authentic visit.",NULL
2,zurana@host.demo.my,pass116,Zurana,Zurana,Not Provided,Not Provided,Food & Culinary,Zurana invites guests to enjoy cultural-inspired creations made with love and tradition. Visitors can appreciate unique offerings rooted in community heritage.,NULL
3,hunter.boat.service@host.demo.my,pass66,Hunter Boat Service,Hunter Boat Service, 019-919 9306,Not Provided,Nature & Eco,Hunter Boat Service invites travelers to enjoy scenic river adventures guided by experienced locals. Their tours offer beautiful views and memorable waterway experiences.,NULL
4,azahari.boat.services@host.demo.my,pass5,Azahari Boat Services,Azahari Boat Services,019-913 2369,Not Provided,Nature & Eco,"Azahari Boat Services brings travelers along scenic waterways to enjoy stunning river views. They deliver safe, enjoyable, and memorable boating experiences.",NULL
5,natural.batik.village@host.demo.my,pass143,Natural Batik Village,Natural Batik Village,012-795 3382,Not Provided,Arts & Crafts,Natural Batik Village invites guests to explore traditional batik-making worksps. It offers a vibrant cultural experience through hands-on creativity.,NULL
6,marang.atv.eco.tour@host.demo.my,pass127,Marang ATV Eco Tour,Marang ATV Eco Tour,019-999 0344,Not Provided,Nature & Eco,Marang ATV Eco Tour brings adventure seekers through scenic off-road trails. The experience blends excitement with beautiful natural surroundings.,NULL
7,kalang.warisan@host.demo.my,pass76,Kalang Warisan,Kalang Warisan,012-371 5412,Not Provided,Culture & Heritage,Kalang Warisan preserves and shares traditional cultural expressions through storytelling and handcrafted items. Guests can explore heritage creations rooted in community identity.,NULL
8,fatimah.songket@host.demo.my,pass46,Fatimah Songket,Fatimah Songket,09-631 4749,Not Provided,Arts & Crafts,Fatimah Songket swcases the beauty of traditional woven textiles made with skill and artistry. Visitors can witness detailed craftsmanship and appreciate heritage weaving techniques.,NULL
9,terengganu.songket@host.demo.my,pass205,Terengganu Songket,Terengganu Songket,013-948 8888,Not Provided,Arts & Crafts,Terengganu Songket swcases luxurious woven textiles made with refined traditional techniques. Visitors can witness intricate craftsmanship and explore heritage weaving styles.,NULL
10,bazar.kuih.tradisional.gong.kapas@host.demo.my,pass13,Bazar Kuih Tradisional Gong Kapas,Bazar Kuih Tradisional Gong Kapas,019-924 6767,Not Provided,Food & Culinary,Bazar Kuih Tradisional Gong Kapas introduces guests to delicious traditional cakes made with authentic recipes. The bazar offers a nostalgic culinary experience filled with local flavors.,NULL
11,pok.weil.bekang@host.demo.my,pass15,Pok Weil Bekang,Pok Weil Bekang,010-833 3035,Not Provided,Food & Culinary,Pok Weil Bekang offers flavorful local dishes that reflect the heart of me-style Malaysian cooking. Visitors can savor authentic tastes and enjoy warm village spitality.,NULL
12,nasi.dagang.atas.tol@host.demo.my,pass142,Nasi Dagang Atas Tol,Nasi Dagang Atas Tol, 013-984 7846,Not Provided,Food & Culinary,"Known for its authentic Terengganu flavors, this eatery serves rich and aromatic nasi dagang. Visitors can enjoy a comforting meal rooted in coastal culinary heritage.",NULL
13,keropok.lekor.tokku@host.demo.my,pass97,Keropok Lekor Tokku,Keropok Lekor Tokku,09-624 3114,Not Provided,Food & Culinary,Keropok Lekor Tokku offers traditional fish crackers prepared with time-nored techniques. Guests can enjoy delightful local flavors perfect for snacking.,NULL
14,botanical.gardens.penang@host.demo.my,pass22,Botanical Gardens Penang,Botanical Gardens Penang,014-555 1234,Not Provided,Nature & Eco,Botanical Gardens Penang welcomes visitors to explore beautiful landscapes filled with lush greenery. It’s a serene destination perfect for relaxing walks and nature appreciation.,NULL
15,chew.jetty.community@host.demo.my,pass28,Chew Jetty Community,Chew Jetty Community,016-222 3344,Not Provided,Culture & Heritage,"Chew Jetty Community invites travelers to explore one of Penang’s iconic waterfront settlements. Visitors can enjoy cultural heritage, scenic boardwalks, and lively traditional attractions.",NULL
16,tropical.spice.garden@host.demo.my,pass214,Tropical Spice Garden,Tropical Spice Garden,012-423 6797,Not Provided,Nature & Eco,Tropical Spice Garden swcases lush spice gardens where visitors can explore aromatic plants and herbs. It offers immersive guided walks and culinary heritage experiences.,NULL
17,jj.makpon.muar@host.demo.my,pass162,JJ Makpon Muar,JJ Makpon Muar,012-262 0044,Not Provided,Food & Culinary,JJ Makpon Muar introduces guests to local specialties from Jor. Visitors can enjoy flavorful treats that reflect metown culinary pride.,NULL
18,ridzuan.bin.hamli@host.demo.my,pass169,Ridzuan bin Hamli,Ridzuan bin Hamli,012-5615524,Not Provided,Arts & Crafts,Ridzuan bin Hamli offers heartfelt cultural experiences rooted in community traditions. Visitors can enjoy warm interactions and heritage insights.,NULL
19,penang.mecooking.scol@host.demo.my,pass160,Penang mecooking Scol,Penang mecooking Scol,017-888 8765,Not Provided,Food & Culinary,This scol offers hands-on cooking classes featuring authentic Penang dishes. Visitors can learn traditional techniques and enjoy flavorful meals.,NULL
20,nazlina.spice.station@host.demo.my,pass144,Nazlina Spice Station,Nazlina Spice Station,016-777 9988,Not Provided,Food & Culinary,Nazlina Spice Station shares the art of Malaysian cooking through spice-rich demonstrations. Visitors can enjoy delicious flavors and educational culinary sessions.,NULL
21,mypintu.plate@host.demo.my,pass140,MyPintu Plate,MyPintu Plate,019-344 5678,Not Provided,Food & Culinary,MyPintu Plate offers charming handcrafted useld items inspired by local creativity. Visitors can enjoy stylish pieces that blend culture with modern design.,NULL
22,chillax.tours@host.demo.my,pass29,Chillax Tours,Chillax Tours,012-900 4450,Not Provided,Nature & Eco,"Chillax Tours brings guests on relaxing, enjoyable journeys through local destinations. Their curated experiences blend comfort, fun, and cultural discovery.",NULL
23,annah.rais.sts@host.demo.my,pass3,Annah Rais sts,Annah Rais sts,0 82-xxxxxx,Not Provided,Nature & Eco,Annah Rais sts offer visitors a glimpse into Bidayuh culture through authentic mestay experiences. Their warm environment and traditional charm create a memorable village retreat.,NULL
25,penang.street.art.walk@host.demo.my,pass161,Penang Street Art Walk,Penang Street Art Walk,017-556 7766,Not Provided,Arts & Crafts,"Penang Street Art Walk guides visitors through iconic murals and cultural streets. It offers a lively exploration of heritage, creativity, and storytelling.",NULL
26,pak.ali.jeruk@host.demo.my,pass71,Pak Ali Jeruk,Pak Ali Jeruk,018-345 2212,Not Provided,Food & Culinary,Pak Ali Jeruk delights visitors with flavorful pickled fruits made using authentic family recipes. It offers a delicious and nostalgic taste of Malaysian favorites.,NULL
27,pasembur.king.hussain@host.demo.my,pass158,Pasembur King Hussain,Pasembur King Hussain,012-674 5588,Not Provided,Food & Culinary,This stall delights visitors with flavorful pasembur topped with fresh ingredients and rich sauces. It offers a taste of vibrant local street food culture.,NULL
28,gani.pasembur@host.demo.my,pass55,Gani Pasembur,Gani Pasembur,019-221 3344,Not Provided,Food & Culinary,Gani Pasembur delights visitors with flavorful Penang-style pasembur prepared with fresh ingredients. It offers a delicious taste of local culinary heritage.,NULL
29,kareem.rojak@host.demo.my,pass86,Kareem Rojak,Kareem Rojak,017-299 8877,Not Provided,Food & Culinary,Kareem Rojak serves delicious rojak prepared with fresh ingredients and memade sauces. It offers a flavorful taste of local street food culture.,NULL
30,zulkifli.yamir.hashim@host.demo.my,pass112,Zulkifli Yamir Hashim,Zulkifli Yamir Hashim,012-292 2884,Not Provided,Arts & Crafts,Zulkifli Yamir Hashim introduces guests to creative craftwork rooted in heritage. His pieces highlight detailed workmanship and cultural storytelling.,NULL
31,encik.mie@host.demo.my,pass133,Encik Mie,Encik Mie,017-456 3289,Not Provided,Arts & Crafts,Encik Mie provides guests with a meaningful glimpse into local culture through his welcoming approach. Visitors can enjoy traditional-inspired offerings full of warmth.,NULL
32,puan.mas.kamal@host.demo.my,pass131,Puan Mas Kamal,Puan Mas Kamal,013-792 4405,Not Provided,Arts & Crafts,Puan Mas Kamal shares traditional cooking and cultural stories through her heartfelt offerings. Visitors can enjoy warm spitality paired with authentic local flavors.,NULL
33,pak.kalimi@host.demo.my,pass77,Pak Kalimi,Pak Kalimi,019-833 1240,Not Provided,Arts & Crafts,Pak Kalimi offers visitors a heartfelt introduction to local culture through traditional practices and warm spitality. His experiences highlight heritage connections and authentic community life.,NULL
34,laman.warisan.kampung.laut@host.demo.my,pass84,Laman Warisan Kampung Laut,Laman Warisan Kampung Laut,Not Provided,Not Provided,Culture & Heritage,"Laman Warisan Kampung Laut swcases centuries-old Malay heritage through architecture, crafts, and cultural exhibits. Visitors can explore stories and traditions preserved through time.",NULL
35,masala.medley@host.demo.my,pass130,Masala Medley,Masala Medley,018-870 2281,Not Provided,Food & Culinary,Masala Medley introduces guests to aromatic spice blends and flavorful dishes. It offers a vibrant culinary experience inspired by cultural fusion.,NULL
36,floating.market.sri.tanjung.tumpat@host.demo.my,pass49,Floating Market Sri Tanjung Tumpat,Floating Market Sri Tanjung Tumpat,012-988 9696,Not Provided,Festivals & Performances,The Floating Market invites guests to explore a lively riverside attraction filled with local crafts and foods. Its unique setting makes for an unforgettable cultural outing.,NULL
37,kakyah@host.demo.my,pass75,Kakyah,Kakyah, 011-1063 7360,Not Provided,Food & Culinary,Kakyah offers guests a charming introduction to local flavors and traditional treats. Visitors can enjoy heartfelt spitality and delightful culinary experiences.,NULL
38,tapak.camping.berkelah.kashmir@host.demo.my,pass115,Tapak Camping Berkelah Kashmir,Tapak Camping Berkelah Kashmir,Not Provided,Not Provided,Nature & Eco,"This campsite welcomes adventurers to enjoy peaceful outdoor stays surrounded by nature. It’s an ideal spot for relaxation, scenic views, and camping comfort.",NULL
39,stong.heritage.eco.resort@host.demo.my,pass194,Stong Heritage Eco Resort,Stong Heritage Eco Resort,013-838 3828,Not Provided,Nature & Eco,This eco resort offers adventurous nature stays near waterfalls and rugged landscapes. Guests can enjoy scenic hikes and refreshing outdoor escapes.,NULL
40,ruza.agrotech@host.demo.my,pass183,Ruza Agrotech,Ruza Agrotech,012-411 8825,Not Provided,Nature & Eco,Ruza Agrotech welcomes guests to explore modern farming blended with local practices. Visitors can enjoy fresh produce and a relaxing agro-tourism experience.,NULL
41,loqsakri.agro.farm@host.demo.my,pass119,LoQSakri Agro Farm,LoQSakri Agro Farm,010-402 4600,Not Provided,Food & Culinary,"LoQSakri Agro Farm welcomes guests to a peaceful farm setting filled with greenery. Visitors can enjoy fresh produce, hands-on activities, and nature-based experiences.",NULL
42,hanis@host.demo.my,pass111,Hanis,Hanis,017-549 9942,Not Provided,Arts & Crafts,Hanis provides visitors with charming cultural-inspired experiences made with personal passion. Her offerings reflect local warmth and traditional artistry.,NULL
43,cikgu.ibrahim@host.demo.my,pass87,Cikgu Ibrahim,Cikgu Ibrahim,013-488 5560,Not Provided,Nature & Eco,Cikgu Ibrahim shares cultural insights and traditional knowledge through engaging community activities. Visitors can enjoy meaningful interactions shaped by local heritage.,NULL
44,langkawi.eco.ventures@host.demo.my,pass114,Langkawi Eco Ventures,Langkawi Eco Ventures,011-2414 6766,Not Provided,Nature & Eco,Langkawi Eco Ventures brings travelers on eco-friendly adventures across scenic island landscapes. They offer enriching nature activities filled with discovery and wonder.,NULL
45,kampung.padi@host.demo.my,pass85,Kampung Padi,Kampung Padi,017-563 6056,Not Provided,Culture & Heritage,Kampung Padi welcomes guests to a relaxing rural environment surrounded by greenery. Visitors can enjoy scenic nature views and experience traditional kampung life.,NULL
48,efmike@host.demo.my,pass45,Efmike,Efmike,Not Provided,Not Provided,Culture & Heritage,Efmike welcomes visitors to enjoy cultural-inspired activities crafted with passion. Guests can expect engaging experiences centered around creativity and tradition.,NULL
49,o.green.durian.farm@host.demo.my,pass149,O Green Durian Farm,O Green Durian Farm,016-523 7803,Not Provided,Nature & Eco,This farm welcomes visitors to enjoy fresh durian varieties straight from the orchard. It offers a flavorful farm experience centered around local produce.,NULL
50,dev's.adventure.tours.sdn..bhd.@host.demo.my,pass37,Dev's Adventure Tours Sdn. Bhd.,Dev's Adventure Tours Sdn. Bhd.,019-494 9193,Not Provided,Nature & Eco,"Dev’s Adventure Tours offers insightful nature and heritage explorations across Langkawi. Their guided tours blend learning, adventure, and breathtaking natural landscapes.",NULL
51,dayang.nur.syafiqah.(dayang.m..enterprise)@host.demo.my,pass150,Dayang Nur Syafiqah (DAYANG M. ENTERPRISE),Dayang Nur Syafiqah (DAYANG M. ENTERPRISE),Not Provided,Not Provided,Arts & Crafts,Dayang Nur Syafiqah provides charming handmade and cultural-inspired products. Visitors can enjoy unique items crafted with passion and creativity.,NULL
52,nurul.wanie@host.demo.my,pass17,Nurul Wanie,Nurul Wanie,016-251 8757,Not Provided,Arts & Crafts,Nurul Wanie offers visitors delightful culinary creations made with passion and tradition. Her offerings bring comforting flavors that leave a memorable impression.,NULL
53,hajah.azizah@host.demo.my,pass51,Hajah Azizah,Hajah Azizah,Not Provided,Not Provided,Arts & Crafts,Hajah Azizah welcomes visitors with warm spitality rooted in local tradition. Her offerings provide a meaningful cultural experience filled with authenticity and charm.,NULL
54,muhammad.hilmi.bin.muhammad.hafni@host.demo.my,pass203,Muhammad Hilmi bin Muhammad Hafni,Muhammad Hilmi bin Muhammad Hafni,011-3078 0506,Not Provided,Arts & Crafts,Muhammad Hilmi offers community-based experiences filled with local warmth and heritage insights. Guests can enjoy genuine cultural interactions and memorable activities.,NULL
55,azydar@host.demo.my,pass6,Azydar,Azydar,instagram: @azydartekat,Not Provided,Arts & Crafts,Azydar offers visitors a unique blend of creativity and local charm through engaging cultural activities. It’s a great place to explore authentic crafts and traditions.,NULL
56,jadi.batek@host.demo.my,pass69,Jadi Batek,Jadi Batek,03-2145 1133,Not Provided,Arts & Crafts,"Jadi Batek introduces guests to vibrant batik artistry through worksps and exhibitions. Visitors can learn, explore, and appreciate the beauty of traditional craftsmanship.",NULL
57,batik.boutique@host.demo.my,pass9,Batik Boutique,Batik Boutique,018-230 8313,Not Provided,Arts & Crafts,Batik Boutique swcases beautifully crafted batik pieces made with local artistry and passion. Visitors can enjoy hands-on experiences and appreciate Malaysia’s textile heritage.,NULL
58,cwoks.batik@host.demo.my,pass32,Cwoks Batik,Cwoks Batik,012-257 2344,Not Provided,Arts & Crafts,Cwoks Batik celebrates traditional textile artistry through beautifully handcrafted batik pieces. Visitors can enjoy creative worksps and immerse themselves in cultural craftsmanship.,NULL
60,fuad@host.demo.my,pass44,Fuad,Fuad,Not Provided,Not Provided,Culture & Heritage,Fuad offers guests a simple yet meaningful introduction to local lifestyle and traditions. His warm spitality ensures a pleasant and memorable visit.,NULL
61,pau.mira@host.demo.my,pass159,Pau Mira,Pau Mira,012-743 4086,Not Provided,Food & Culinary,"Pau Mira serves soft, delicious steamed buns made using traditional recipes. Visitors can enjoy comforting flavors rooted in local culinary heritage.",NULL
62,emilia.tan@host.demo.my,pass139,Emilia Tan,Emilia Tan,012-257 9775,Not Provided,Arts & Crafts,Emilia Tan introduces guests to creative cultural crafts shaped by passion and tradition. Visitors can explore unique handmade items and artistic expressions.,NULL
63,pusat.tenun.diraja@host.demo.my,pass174,Pusat Tenun Diraja,Pusat Tenun Diraja,Not Provided,Not Provided,Arts & Crafts,Pusat Tenun Diraja highlights royal weaving traditions through exquisite textiles. Guests can appreciate detailed craftsmanship rooted in heritage.,NULL
64,galeri.tenun.pahang@host.demo.my,pass52,Galeri Tenun Pahang,Galeri Tenun Pahang,609-5178564,Not Provided,Arts & Crafts,Galeri Tenun Pahang swcases exquisite woven textiles crafted with heritage techniques. Visitors can appreciate the artistry and cultural significance behind each piece.,NULL
65,haji.nordin.bin.mahmod@host.demo.my,pass148,Haji Nordin Bin Mahmod,Haji Nordin Bin Mahmod,09-747 3397,Not Provided,Arts & Crafts,Haji Nordin Bin Mahmod offers visitors meaningful cultural insights through his community-based activities. Guests can enjoy warm spitality and heritage-rich experiences.,NULL
66,.mohamed.bin.haji.hussein@host.demo.my,pass27, Mohamed bin Haji Hussein, Mohamed bin Haji Hussein,013-927 1616,Not Provided,Arts & Crafts,Mohamed bin Haji Hussein offers visitors an authentic glimpse into local traditions through meaningful interactions and heritage-rich activities. His welcoming approach ensures a memorable cultural experience.,NULL
67,kampung.budaya.terengganu@host.demo.my,pass81,Kampung Budaya Terengganu,Kampung Budaya Terengganu,09-623 1553,Not Provided,Culture & Heritage,"Kampung Budaya Terengganu highlights Terengganu’s rich cultural legacy through crafts, music, and heritage activities. Visitors can enjoy authentic and interactive cultural experiences.",NULL
68,malaysia.heritage.studios@host.demo.my,pass124,Malaysia Heritage Studios,Malaysia Heritage Studios,06-253 2288,Not Provided,Culture & Heritage,Malaysia Heritage Studios highlights traditional arts through engaging worksps and creative swcases. Visitors can explore immersive experiences centered around heritage and design.,NULL
69,baba.nyonya.museum@host.demo.my,pass7,Baba Nyonya Museum,Baba Nyonya Museum,06-282 1273,Not Provided,Culture & Heritage,Baba Nyonya Museum introduces guests to the rich heritage of Peranakan culture. Its beautifully preserved exhibits offer an immersive journey into the past.,NULL
70,persatuan.jawa.parit.bugis.jor@host.demo.my,pass48,Persatuan Jawa Parit Bugis Jor,Persatuan Jawa Parit Bugis Jor,013-679 3242,Not Provided,Festivals & Performances,"This association preserves and shares authentic Jawa cultural heritage through food, dance, and community stories. Visitors can enjoy meaningful cultural interactions rooted in tradition.",NULL
71,siddoz@host.demo.my,pass186,Siddoz,Siddoz,Not Provided,Not Provided,Food & Culinary,Siddoz offers creative cultural products crafted with personal passion. Visitors can explore unique pieces that reflect artistic identity.,NULL
72,galeri.terompah.mastor@host.demo.my,pass53,Galeri Terompah Mastor,Galeri Terompah Mastor,6018-7649193,Not Provided,Arts & Crafts,Galeri Terompah Mastor celebrates traditional wooden clog craftsmanship through detailed workmanship. Guests can explore unique creations that reflect Malaysia’s rich cultural heritage.,NULL
73,ask.dance.company@host.demo.my,pass209,ASK Dance Company,ASK Dance Company,03-4287 6674,Not Provided,Festivals & Performances,ASK Dance Company swcases traditional and contemporary dance through captivating performances. Visitors can enjoy cultural artistry expressed through movement and rhythm.,NULL
74,dansa.fusion@host.demo.my,pass118,Dansa Fusion,Dansa Fusion,Not Provided,dansafusionkl@gmail.com,Festivals & Performances,Dansa Fusion introduces visitors to lively dance experiences blending tradition and creativity. It offers energetic sessions that celebrate movement and culture.,NULL
75,lazat.cooking.scol@host.demo.my,pass117,LaZat Cooking Scol,LaZat Cooking Scol,019-238 1198,Not Provided,Food & Culinary,LaZat Cooking Scol offers immersive cooking classes featuring authentic Malaysian recipes. Guests can enjoy fun hands-on learning guided by passionate instructors.,NULL
76,kilang.kerepek.mak.jah@host.demo.my,pass100,Kilang Kerepek Mak Jah,Kilang Kerepek Mak Jah,016-949 3202,Not Provided,Food & Culinary,This factory delights visitors with traditional crispy snacks made using cherished recipes. It offers a flavorful glimpse into local food craftsmanship.,NULL
77,mr.nordin.asha'ari.&.assisted.by.mrs.zaini.hassan@host.demo.my,pass145,Mr Nordin Asha'ari & assisted by Mrs Zaini Hassan,Mr Nordin Asha'ari & assisted by Mrs Zaini Hassan,012-906 0952,Not Provided,Food & Culinary,This duo offers guests warm cultural experiences shaped by tradition and community values. Their programs highlight authentic village spitality and heritage.,NULL
78,zaronah/.tugi@host.demo.my,pass95,Zaronah/ Tugi,Zaronah/ Tugi,07-418 7086,Not Provided,Food & Culinary,Zaronah/Tugi welcomes guests to enjoy handmade cultural creations and warm spitality. Their offerings reflect rich traditions and artistic skills.,NULL
79,kuih.bakar.tradisional.melaka@host.demo.my,pass108,Kuih Bakar Tradisional Melaka,Kuih Bakar Tradisional Melaka,010-7935499,Not Provided,Food & Culinary,This business serves traditional Melaka kuih bakar made with authentic recipes. It offers a nostalgic taste that reflects generations of culinary heritage.,NULL
80,matsura.talip@host.demo.my,pass107,Matsura Talip,Matsura Talip,014-265 2575,Not Provided,Food & Culinary,Matsura Talip welcomes visitors to experience locally inspired crafts and cultural stories. Her work highlights creativity shaped by tradition and passion.,NULL
81,batik.worksp.kl@host.demo.my,pass125,Batik Worksp KL,Batik Worksp KL,Not Provided,Not Provided,Arts & Crafts,Batik Worksp KL invites guests to discover the beauty of batik through hands-on classes. It offers a vibrant creative experience guided by skilled artisans.,NULL
82,haji.puteh@host.demo.my,pass167,Haji Puteh,Haji Puteh,018-781 5702,Not Provided,Food & Culinary,Haji Puteh welcomes visitors to enjoy traditional food and cultural warmth. His offerings reflect community values and authentic flavors.,NULL
83,tintoy.chuo.&.take.huat@host.demo.my,pass50,Tintoy Chuo & Take Huat,Tintoy Chuo & Take Huat,Not Provided,fusionwayangkulit@gmail.com,Festivals & Performances,Tintoy Chuo & Take Huat bring artistic heritage to life through creative storytelling and cultural performances. Visitors can enjoy captivating experiences inspired by tradition.,NULL
84,encik.halidan.bin.ithnin.(habis.kreatif.enterprise)@host.demo.my,pass210,Encik Halidan Bin Ithnin (Habis Kreatif Enterprise),Encik Halidan Bin Ithnin (Habis Kreatif Enterprise),012-7318112,Not Provided,Arts & Crafts,Encik Halidan presents local crafts and cultural expressions made with heartfelt creativity. Visitors can explore handmade pieces that reflect tradition and community values.,NULL
85,encik.azman.bin.yusof@host.demo.my,pass211,Encik Azman Bin Yusof,Encik Azman Bin Yusof,012-748 2541,Not Provided,Arts & Crafts,Encik Azman offers welcoming cultural experiences shaped by local stories and traditions. Guests can enjoy authentic interactions filled with warmth and heritage.,NULL
86,nor.hazilawati.binti.buang@host.demo.my,pass26,Nor Hazilawati binti Buang,Nor Hazilawati binti Buang,012-754 2897,Not Provided,Arts & Crafts,Nor Hazilawati binti Buang welcomes guests to experience warm village-style spitality rooted in local culture. Her offerings provide a comforting and memorable introduction to community living.,NULL
87,ronna.creative@host.demo.my,pass178,Ronna Creative,Ronna Creative,Not Provided,Not Provided,Arts & Crafts,Ronna Creative swcases artistic creations blending cultural elements with modern design. Visitors can explore unique handmade products.,NULL
88,ahmad.tarmizi.yusof@host.demo.my,pass153,Ahmad Tarmizi Yusof,Ahmad Tarmizi Yusof,014-338 2599,Not Provided,Nature & Eco,Ahmad Tarmizi Yusof provides visitors with meaningful cultural learning shaped by tradition. His experiences highlight creativity and community insight.,NULL
89,rumah.laksa@host.demo.my,pass180,Rumah Laksa,Rumah Laksa,013-774 1887,Not Provided,Food & Culinary,Rumah Laksa serves flavorful laksa prepared with authentic recipes. Visitors can enjoy comforting bowls that celebrate Malaysia’s rich culinary culture.,NULL
90,munah.binti.kadir@host.demo.my,pass164,Munah Binti Kadir,Munah Binti Kadir,014-314 0656,Not Provided,Arts & Crafts,Munah Binti Kadir shares traditional recipes and cultural stories through her offerings. Visitors can enjoy memade dishes filled with heritage flavors.,NULL
91,koperasi.penduduk.kampung.sungai.melayu@host.demo.my,pass41,Koperasi Penduduk Kampung Sungai Melayu,Koperasi Penduduk Kampung Sungai Melayu,011-6779 6693,Not Provided,Nature & Eco,"This cooperative invites guests to explore mangroves, river life, and local traditions. Their community-led efforts offer authentic eco-tourism experiences.",NULL
92,eddy@host.demo.my,pass193,Eddy,Eddy,Not Provided,Not Provided,Culture & Heritage,Eddy welcomes guests with warm spitality and simple cultural charm. Visitors can enjoy meaningful local experiences shaped by tradition.,NULL
93,ros@host.demo.my,pass2,Ros,Ros,019 659 9316 ,Not Provided,Nature & Eco,Ros welcomes visitors to enjoy simple yet meaningful local experiences rooted in cultural warmth. Guests can expect genuine spitality and memorable moments.,NULL
94,open.traditional.dance.class@host.demo.my,pass152,Open Traditional Dance Class,Open Traditional Dance Class,Not Provided,Not Provided,Festivals & Performances,"This activity invites guests to learn traditional Malaysian dances in a fun, welcoming setting. It offers an engaging cultural experience suitable for all ages.",NULL
95,kampung.budaya.sarawak@host.demo.my,pass80,Kampung Budaya Sarawak,Kampung Budaya Sarawak,082-846 108,Not Provided,Culture & Heritage,"Kampung Budaya Sarawak brings Sarawak’s ethnic heritage to life through cultural uses, performances, and demonstrations. It offers an immersive journey into the state’s diverse traditions.",NULL
96,d'impian.agrofarm@host.demo.my,pass38,D'Impian Agrofarm,D'Impian Agrofarm,011-1628 5534,Not Provided,Nature & Eco,"D’Impian Agrofarm invites guests to experience peaceful farm life surrounded by lush greenery. Visitors can enjoy fresh produce, hands-on activities, and countryside relaxation.",NULL
97,uk.farm@host.demo.my,pass215,UK Farm,UK Farm,07-759 7555,Not Provided,Nature & Eco,UK Farm welcomes families to a lively farm filled with animal encounters and countryside charm. It offers educational tours and enjoyable agro-tourism activities.,NULL
98,talula.hill.farm.resort.kluang@host.demo.my,pass198,Talula Hill Farm Resort Kluang,Talula Hill Farm Resort Kluang,019-375 5818,Not Provided,Nature & Eco,"Talula Hill Farm Resort Kluang welcomes guests to a serene hilltop farm surrounded by lush greenery. It offers peaceful stays, fresh air, and charming countryside activities.",NULL
99,izzaty@host.demo.my,pass93,Izzaty,Izzaty,Not Provided,Not Provided,Food & Culinary,Izzaty offers guests a friendly introduction to local traditions through her creative work. Visitors can enjoy meaningful experiences rooted in cultural expression.,NULL
100,md.shahir.meskon@host.demo.my,pass132,Md Shahir Meskon,Md Shahir Meskon,019-627 6570,Not Provided,Food & Culinary,Md Shahir Meskon welcomes visitors to immerse in cultural-inspired activities crafted with passion. His experiences highlight community traditions and engaging interactions.,NULL
101,nasuha.herbs@host.demo.my,pass59,Nasuha Herbs,Nasuha Herbs,018-768 1000,Not Provided,Nature & Eco,Nasuha Herbs invites guests to discover aromatic herb gardens and herbal-based products. It offers a refreshing and educational experience centered around natural wellness.,NULL
102,life.ceramics@host.demo.my,pass170,Life Ceramics,Life Ceramics,03-2381 1950,Not Provided,Arts & Crafts,Life Ceramics swcases beautifully crafted pottery and ceramic art. Visitors can explore handmade pieces that reflect creativity and skilled craftsmanship.,NULL
103,tanjak.warisan.yusoff@host.demo.my,pass202,Tanjak Warisan Yusoff,Tanjak Warisan Yusoff,010 336 2469,Not Provided,Culture & Heritage,Tanjak Warisan Yusoff features beautifully crafted tanjak pieces inspired by Malay heritage. Visitors can enjoy authentic designs shaped by tradition.,NULL
104,busana.&.tanjak.pengiran@host.demo.my,pass23,Busana & Tanjak Pengiran,Busana & Tanjak Pengiran,011-1307 0771,Not Provided,Culture & Heritage,Busana & Tanjak Pengiran swcases traditional Malay attire through beautifully crafted garments. Visitors can appreciate heritage fashion and learn about cultural significance.,NULL
105,wan.anuar@host.demo.my,pass54,Wan Anuar,Wan Anuar,0 13-395 4207,Not Provided,Arts & Crafts,Wan Anuar introduces visitors to authentic local experiences shaped by tradition and passion. His welcoming approach ensures a memorable cultural encounter.,NULL
106,roziah.hussein@host.demo.my,pass63,Roziah Hussein,Roziah Hussein,Not Provided,Not Provided,Food & Culinary,Roziah Hussein offers guests a personal touch of local charm through cultural-inspired experiences. Visitors can enjoy meaningful interactions rooted in tradition.,NULL
107,kampung.agong@host.demo.my,pass78,Kampung Agong,Kampung Agong,0 12 481 7795,Not Provided,Culture & Heritage,Kampung Agong invites guests to explore a charming countryside setting filled with paddy fields and rural beauty. It offers pto-worthy spots and peaceful cultural experiences.,NULL
108,mira.cake.use@host.demo.my,pass134,MIra Cake use,MIra Cake use,012-854 1004,Not Provided,Food & Culinary,MIra Cake use offers delightful cakes and sweet treats made with love and heritage recipes. Visitors can enjoy rich flavors and beautifully crafted desserts.,NULL
109,asli.kraf@host.demo.my,pass190,Asli Kraf,Asli Kraf,03-22741811,Not Provided,Arts & Crafts,Asli Kraf highlights authentic handmade crafts inspired by Malaysian culture. Visitors can explore meaningful items shaped by traditional artistry.,NULL
110,hafiz@host.demo.my,pass122,Hafiz,Hafiz,Not Provided,Not Provided,Arts & Crafts,Hafiz provides guests with meaningful local experiences guided by warm spitality. His offerings give visitors a genuine look into community traditions.,NULL
111,kuih.bakar.memade.semabok@host.demo.my,pass64,Kuih Bakar memade Semabok,Kuih Bakar memade Semabok,012-215 2625,Not Provided,Food & Culinary,This business introduces visitors to delicious memade kuih bakar prepared with authentic recipes. It offers a nostalgic taste of traditional Malay desserts.,NULL
112,dayang.salhah.enterprise@host.demo.my,pass91,Dayang Salhah Enterprise,Dayang Salhah Enterprise,082-253 881,Not Provided,Food & Culinary,Dayang Salhah Enterprise presents traditional cakes and desserts made with authentic recipes. Guests can enjoy rich flavors and nostalgic treats.,NULL
113,ainna.artwork@host.demo.my,pass10,Ainna Artwork,Ainna Artwork,010-434 7121,Not Provided,Arts & Crafts,Ainna Artwork celebrates creativity through vibrant artistic expressions and local designs. It offers a charming spot for visitors to explore handmade art pieces.,NULL
114,jaya.mata@host.demo.my,pass212,Jaya Mata,Jaya Mata,Not Provided,Not Provided,Food & Culinary,Jaya Mata features cultural crafts and handmade creations inspired by local artistry. Visitors can appreciate meaningful pieces crafted with care.,NULL
115,malacca.heritage.weekend.worksp@host.demo.my,pass12,Malacca Heritage Weekend Worksp,Malacca Heritage Weekend Worksp,011-2177 6974,Not Provided,Arts & Crafts,"Malacca Heritage Weekend Worksp offers engaging hands-on sessions that highlight the city’s vibrant cultural history. It brings heritage to life through fun, interactive activities.",NULL
116,hamidahku.industry.sdn.bhd@host.demo.my,pass126,Hamidahku Industry Sdn Bhd,Hamidahku Industry Sdn Bhd,013-931 5652,Not Provided,Food & Culinary,Hamidahku Industry presents traditional products made with authenticity and care. Guests can enjoy cultural items that reflect long-standing heritage practices.,NULL
117,pandan.molek.enterprise@host.demo.my,pass156,Pandan Molek Enterprise,Pandan Molek Enterprise,06-387 9401,Not Provided,Arts & Crafts,Pandan Molek Enterprise offers handmade food and products inspired by classic flavors. Guests can enjoy nostalgic treats prepared with care.,NULL
119,farin.hashim.class@host.demo.my,pass109,Farin Hashim Class,Farin Hashim Class,Not Provided,Not Provided,Food & Culinary,Farin Hashim Class offers engaging cooking sessions that celebrate local flavors. Visitors can enjoy hands-on culinary learning and authentic recipe experiences.,NULL
120,mah.meri.cultural.village@host.demo.my,pass120,Mah Meri Cultural Village,Mah Meri Cultural Village,011-6564 2800,Not Provided,Culture & Heritage,Mah Meri Cultural Village swcases the artistry and rituals of the Mah Meri indigenous community. Guests can enjoy captivating performances and intricate handcrafted masks.,NULL
121,dato'.rosyam.nor@host.demo.my,pass181,Dato' Rosyam Nor,Dato' Rosyam Nor,010-837 2504,Not Provided,Food & Culinary,Dato' Rosyam Nor offers a cultural hub swcasing traditional products and lifestyle experiences. Guests can enjoy interactive activities rooted in local identity.,NULL
122,restoran.selera.nogori@host.demo.my,pass175,Restoran Selera Nogori,Restoran Selera Nogori,013-233 3364,Not Provided,Food & Culinary,This restaurant offers authentic Negeri Sembilan cuisine rich with local flavors. Visitors can enjoy hearty traditional dishes that reflect cultural heritage.,NULL
123,lavendar.heights@host.demo.my,pass208,Lavendar Heights,Lavendar Heights, 013-788 8565,Not Provided,Food & Culinary,Lavendar Heights welcomes travelers to scenic views and calming natural surroundings. It offers an uplifting environment perfect for relaxation and leisure.,NULL
124,norhayu.kitchen@host.demo.my,pass34,Norhayu Kitchen,Norhayu Kitchen,013-365 5096,Not Provided,Food & Culinary,Norhayu Kitchen delights guests with me-style dishes prepared with traditional flavors and family recipes. Visitors can enjoy comforting meals that reflect authentic local cooking.,NULL
125,patau-patau.mestay@host.demo.my,pass65,Patau-Patau mestay,Patau-Patau mestay,016-842 4981,Not Provided,Nature & Eco,Patau-Patau mestay welcomes guests into a charming stilt village overlooking serene waters. It offers a warm cultural experience and a peaceful stay.,NULL
126,zaini.salai.use@host.demo.my,pass222,Zaini Salai use,Zaini Salai use,013-428 8491,Not Provided,Food & Culinary,Zaini Salai use offers savory smoked dishes prepared with traditional techniques. Visitors can enjoy rich flavors rooted in heritage cooking.,NULL
127,puan.rohaini@host.demo.my,pass218,Puan Rohaini,Puan Rohaini,013-9577599,Not Provided,Arts & Crafts,Puan Rohaini offers heartfelt cultural experiences rooted in local traditions. Visitors can enjoy warm spitality and meaningful community stories.,NULL
128,trisha@host.demo.my,pass171,Trisha,Trisha,Not Provided,Not Provided,Arts & Crafts,Trisha provides cultural-inspired creations made with elegance and care. Guests can enjoy artistic pieces shaped by tradition and modern design.,NULL
129,eddie@host.demo.my,pass16,Eddie,Eddie,Not Provided,Not Provided,Nature & Eco,Eddie welcomes travelers with friendly service and local charm rooted in genuine spitality. It’s a simple yet meaningful stop for guests exploring the area.,NULL
130,penang.heritage.trail@host.demo.my,pass61,Penang Heritage Trail,Penang Heritage Trail,Not Provided,Not Provided,Culture & Heritage,"Penang Heritage Trail guides travelers through iconic landmarks and cultural streets. It offers a meaningful experience packed with heritage, flavors, and history.",NULL
131,mad.rezeki@host.demo.my,pass89,Mad Rezeki,Mad Rezeki, 017-420 1061,Not Provided,Arts & Crafts,Mad Rezeki treats visitors to comforting local dishes filled with traditional flavors. It offers a warm dining experience rooted in community cooking.,NULL
132,doorandooran.sdn.bhd@host.demo.my,pass40,DooranDooran Sdn Bhd,DooranDooran Sdn Bhd,018-361 4531,Not Provided,Food & Culinary,DooranDooran provides charming cultural and lifestyle experiences inspired by creativity and local heritage. Visitors can enjoy unique activities that highlight the spirit of the community.,NULL
133,tokwan.craft@host.demo.my,pass201,Tokwan Craft,Tokwan Craft,Not Provided,Not Provided,Culture & Heritage,Tokwan Craft presents handmade traditional crafts inspired by local stories and artistry. Guests can explore meaningful creations that celebrate cultural identity.,NULL
134,borneo.cultural.village@host.demo.my,pass18,Borneo Cultural Village,Borneo Cultural Village,010-293 3644,Not Provided,Culture & Heritage,"Borneo Cultural Village invites travelers to explore the diverse heritage of Sabah and Sarawak. Its cultural uses, performances, and activities offer an enriching immersive experience.",NULL
135,monsopiad.management@host.demo.my,pass136,Monsopiad Management,Monsopiad Management, 011-1419 6488,Not Provided,Culture & Heritage,Monsopiad Management swcases Kadazan-Dusun history through cultural exhibits and storytelling. Visitors can explore heritage sites and discover fascinating legends.,NULL
136,joseph@host.demo.my,pass197,Joseph,Joseph,Not Provided,Not Provided,Nature & Eco,Joseph offers visitors heartfelt community interactions shaped by local tradition. Guests can enjoy meaningful experiences rooted in cultural values.,NULL
137,kdca.sabah@host.demo.my,pass102,KDCA Sabah,KDCA Sabah,011-2534 3062,Not Provided,Culture & Heritage,KDCA Sabah invites visitors to explore the vibrant Kadazan-Dusun heritage through cultural performances and traditional swcases. It offers an enriching experience celebrating Sabah’s indigenous identity.,NULL
138,kinabalu.culinary@host.demo.my,pass184,Kinabalu Culinary,Kinabalu Culinary,Not Provided,Not Provided,Food & Culinary,Kinabalu Culinary celebrates Sabah’s diverse flavors through authentic dishes. Visitors can enjoy rich culinary experiences inspired by local heritage.,NULL
139,kiulu.farmstay@host.demo.my,pass101,Kiulu Farmstay,Kiulu Farmstay,088-438 300,Not Provided,Nature & Eco,Kiulu Farmstay welcomes guests to experience peaceful village living surrounded by Sabah’s natural beauty. It offers outdoor activities and cultural insights perfect for relaxation.,NULL
140,borneo.tree.use@host.demo.my,pass20,Borneo Tree use,Borneo Tree use,010-305 1406,Not Provided,Nature & Eco,Borneo Tree use offers a unique elevated stay surrounded by lush rainforest scenery. It gives guests a refreshing escape with nature’s tranquility.,NULL
141,darau.eco.team@host.demo.my,pass35,Darau Eco Team,Darau Eco Team,016-845 0426,Not Provided,Nature & Eco,"Darau Eco Team invites adventurers to explore rivers, forest trails, and outdoor treasures. Their eco-tours highlight nature’s beauty while promoting environmental awareness.",NULL
142,kolosunan.community@host.demo.my,pass42,Kolosunan Community,Kolosunan Community,016-307 9795,Not Provided,Nature & Eco,"Kolosunan Community welcomes travelers to experience traditional village life and Sabahan cultural heritage. Guests can enjoy performances, activities, and scenic rural surroundings.",NULL
143,kek.lapis.warisan@host.demo.my,pass94,Kek Lapis Warisan,Kek Lapis Warisan,082-427 277,Not Provided,Food & Culinary,Kek Lapis Warisan swcases a wide selection of traditional layered cakes crafted with care. It offers visitors a delicious taste of Sarawak’s dessert heritage.,NULL
144,balai.kito.mestay@host.demo.my,pass8,Balai Kito mestay,Balai Kito mestay,013-869 9026,Not Provided,mestay,Balai Kito mestay welcomes guests to a cozy village stay filled with cultural warmth. It provides a peaceful environment perfect for relaxation and exploration.,NULL
145,marino.&.halimah@host.demo.my,pass79,Marino & Halimah,Marino & Halimah,019-883-5714,Not Provided,mestay,Marino & Halimah welcome visitors with genuine warmth and local charm. Their offerings swcase community traditions and heartfelt spitality.,NULL
146,komuniti.kampung.dagat@host.demo.my,pass82,Komuniti Kampung Dagat,Komuniti Kampung Dagat,011-3162 3518,Not Provided,mestay,This community welcomes travelers to experience coastal living and local traditions. Guests can enjoy nature activities and learn about the area’s cultural heritage.,NULL
147,royal.selangor.@host.demo.my,pass179,Royal Selangor ,Royal Selangor ,03 4145 6122,Not Provided,Arts & Crafts,Royal Selangor presents world-renowned pewter craftsmanship through elegant collections. Guests can explore interactive galleries that highlight heritage metalwork.,NULL
148,a..muhaimin.hasbollah@host.demo.my,pass224,A. Muhaimin Hasbollah,A. Muhaimin Hasbollah,019-612 4923,Not Provided,Arts & Crafts,A. Muhaimin offers local cultural experiences shared through meaningful community interactions. Visitors can enjoy genuine spitality shaped by tradition.,NULL
149,mari.mari.cultural.village@host.demo.my,pass225,Mari Mari Cultural Village,Mari Mari Cultural Village,013-881 4921,Not Provided,Culture & Heritage,Mari Mari Cultural Village introduces guests to Sabah’s ethnic tribes through immersive cultural uses and performances. It offers an unforgettable journey into Bornean heritage.,NULL
150,mr..mickey@host.demo.my,pass226,Mr. Mickey,Mr. Mickey,016 584 0851 / 088 7,Not Provided,mestay,Mr. Mickey provides friendly and engaging cultural interactions for visitors. His offerings highlight local charm and warm spitality.,NULL
151,mr..william@host.demo.my,pass227,Mr. William,Mr. William,088 917 388 / 019 86,Not Provided,mestay,Mr. William shares community traditions through welcoming and insightful experiences. Visitors can enjoy meaningful cultural connections.,NULL
152,mr..djuanis@host.demo.my,pass228,Mr. Djuanis,Mr. Djuanis,088 474 074 / 019 89,Not Provided,mestay,Mr. Djuanis offers guests a heartfelt introduction to local culture through stories and activities. His warm spitality ensures an enjoyable visit.,NULL
153,mr..sigar@host.demo.my,pass229,Mr. Sigar,Mr. Sigar,014 861 7881 / 013 5,Not Provided,mestay,Mr. Sigar welcomes guests into unique cultural experiences inspired by community traditions. Visitors can enjoy warm interactions and heritage-rich moments.,NULL
154,mr..joe@host.demo.my,pass230,Mr. Joe,Mr. Joe,012-803 3386,Not Provided,mestay,Mr. Joe shares local knowledge and cultural charm through engaging activities. Visitors can enjoy experiences filled with authenticity.,NULL
155,mr..ariffin@host.demo.my,pass231,Mr. Ariffin,Mr. Ariffin,019 862 4585 / 088 2,Not Provided,mestay,Mr. Ariffin offers meaningful cultural exchanges rooted in community values. Visitors can enjoy genuine spitality and traditional insights.,NULL
156,mr..jeffry@host.demo.my,pass232,Mr. Jeffry,Mr. Jeffry,"088 671 093/051 , 01",Not Provided,mestay,Mr. Jeffry presents cultural-inspired experiences shaped by passion and local heritage. Guests can enjoy welcoming interactions and memorable activities.,NULL
157,mr..zul@host.demo.my,pass233,Mr. Zul,Mr. Zul,016 841 5415 / 012 8,Not Provided,mestay,Mr. Zul provides visitors with warm community-driven experiences. His offerings highlight local life and cultural appreciation.,NULL
158,ms.evelyn@host.demo.my,pass234,Ms Evelyn,Ms Evelyn,089 561 811 / 089 55,Not Provided,mestay,Ms Evelyn shares creative cultural experiences crafted with care and tradition. Guests can enjoy artistic expressions rooted in heritage.,NULL
159,mr.kohadie@host.demo.my,pass235,Mr Kohadie,Mr Kohadie,010 934 8616 / 088 4,Not Provided,mestay,Mr Kohadie welcomes visitors to enjoy authentic community experiences shaped by tradition. His activities reflect sincere spitality and local identity.,NULL
160,mr.robert@host.demo.my,pass236,Mr Robert,Mr Robert,088 764 052 / 014 35,Not Provided,mestay,Mr Robert provides cultural insights and friendly interactions that highlight local heritage. Visitors can enjoy simple yet meaningful experiences.,NULL
161,ms.joanna@host.demo.my,pass237,Ms Joanna,Ms Joanna,082-756823,Not Provided,mestay,Ms Joanna offers engaging cultural experiences inspired by community life. Visitors can enjoy warm spitality and tughtful interactions.,NULL
162,cr..isabell.jalau.ak..mejat@host.demo.my,pass238,Cr. Isabell Jalau Ak. Mejat,Cr. Isabell Jalau Ak. Mejat,016-8674175 /016-855,Not Provided,mestay,Cr. Isabell offers visitors enriching cultural experiences rooted in local traditions. Her warm approach creates meaningful cultural connections.,NULL
163,cr..edward.kurek./.emily./.john.awang@host.demo.my,pass239,Cr. Edward Kurek / Emily / John Awang,Cr. Edward Kurek / Emily / John Awang,082-422495 / 423495,Not Provided,mestay,This team provides immersive community experiences filled with cultural stories and heritage appreciation. Visitors can enjoy warm interactions and rich traditions.,NULL
164,puan.hajjah.jamilah.shukri@host.demo.my,pass240,Puan Hajjah Jamilah Shukri,Puan Hajjah Jamilah Shukri,082-447001,Not Provided,mestay,Puan Hajjah Jamilah shares traditional values and cultural expressions with heartfelt spitality. Visitors can enjoy meaningful and authentic experiences.,NULL
165,puan.hajjah.romlah.bt.haji.kassim@host.demo.my,pass241,Puan Hajjah Romlah Bt Haji Kassim,Puan Hajjah Romlah Bt Haji Kassim,082-875780 / 019-858,Not Provided,mestay,She offers cultural charm and warm community interactions shaped by heritage. Visitors can enjoy engaging activities filled with authenticity.,NULL
167,puan.pauziah.bt..mohd.yussup@host.demo.my,pass242,Puan Pauziah Bt. Mohd Yussup,Puan Pauziah Bt. Mohd Yussup,082-874263,Not Provided,mestay,"Puan Pauziah welcomes guests to experience meaningful local traditions. Her offerings reflect sincerity, culture, and community pride.",NULL
168,puan.siti.sedon@host.demo.my,pass243,Puan Siti Sedon,Puan Siti Sedon,084-213740 / 014-582,Not Provided,mestay,Puan Siti Sedon provides heartfelt cultural experiences enriched with local flavors and stories. Visitors can enjoy warm spitality rooted in tradition.,NULL
169,asrina@host.demo.my,pass4,Asrina,Asrina,012-309 3729,Not Provided,Arts & Crafts,Asrina provides a welcoming space where guests can enjoy local flavors and heartfelt spitality. It’s a delightful stop for travelers seeking comfort and cultural richness.,NULL
170,tr..micheal.anc.tabor./.encik.marchanty.a.k.gindu@host.demo.my,pass244,Tr. Micheal Anc Tabor / Encik Marchanty A.k Gindu,Tr. Micheal Anc Tabor / Encik Marchanty A.k Gindu,083-468005 / 013-572,Not Provided,mestay,This duo offers immersive cultural experiences reflecting Sabahan traditions. Visitors can enjoy authentic community interactions and storytelling.,NULL
171,penghulu.awg.karim@host.demo.my,pass245,Penghulu Awg Karim,Penghulu Awg Karim,083-468006,Not Provided,mestay,Penghulu Awg Karim shares local heritage through cultural programs and warm community engagement. Visitors can experience meaningful traditions firsthand.,NULL
172,cik.rafidah@host.demo.my,pass246,Cik Rafidah,Cik Rafidah,084-871771,Not Provided,mestay,Cik Rafidah provides charming cultural experiences presented with genuine warmth. Guests can enjoy simple yet memorable moments rooted in heritage.,NULL
173,mr.denys.bana@host.demo.my,pass247,Mr Denys Bana,Mr Denys Bana,0 19-486 8205,Not Provided,mestay,Mr Denys Bana welcomes guests with friendly spitality and cultural stories. Visitors can enjoy meaningful interactions shaped by tradition.,NULL
174,encik.abdul.ghani@host.demo.my,pass248,Encik Abdul Ghani,Encik Abdul Ghani,085-738221 / 085-737,Not Provided,mestay,Encik Abdul Ghani offers insight into local culture through welcoming community experiences. Guests can enjoy authentic and engaging moments.,NULL
175,mestay.panglima.seman.@host.demo.my,pass249,mestay Panglima Seman ,mestay Panglima Seman ,019-8247826,Not Provided,mestay,"This mestay invites visitors to enjoy traditional village life in a warm, family-like setting. Guests can experience authentic spitality and cultural charm.",NULL
176,happy.angler.mestay.telaga.air@host.demo.my,pass250,Happy Angler mestay Telaga Air,Happy Angler mestay Telaga Air,082-843 206,Not Provided,mestay,This mestay offers relaxing stays near river and fishing attractions. Visitors can enjoy peaceful surroundings and community warmth.,NULL
177,mestay.telok.melano.@host.demo.my,pass251,mestay Telok Melano ,mestay Telok Melano ,013-563 7556,Not Provided,mestay,mestay Telok Melano welcomes guests to a serene coastal village rich with natural beauty. Visitors can enjoy cultural spitality and refreshing sea views.,NULL
178,mestay.kampung.pueh.@host.demo.my,pass252,mestay Kampung Pueh ,mestay Kampung Pueh ,013-3826785 ,Not Provided,mestay,This mestay offers travelers a calming escape surrounded by lush scenery. Guests can experience authentic community living and cultural warmth.,NULL
179,hajah.dayang.siti@host.demo.my,pass253,Hajah Dayang Siti,Hajah Dayang Siti,011-2928 0816,Not Provided,mestay,Hajah Dayang Siti provides meaningful cultural experiences shaped by tradition and heartfelt spitality. Guests can enjoy warm local interactions.,NULL
180,ole.ole.melaka@host.demo.my,pass151,Ole Ole Melaka,Ole Ole Melaka,012-916 7518,Not Provided,Arts & Crafts,Ole Ole Melaka swcases Melaka-themed souvenirs celebrating heritage and design. Visitors can explore creative products inspired by the city’s vibrant culture.,NULL
181,mestay..kampung.tanah.hitam.@host.demo.my,pass254,mestay  kampung Tanah Hitam ,mestay  kampung Tanah Hitam ,013-8453417,Not Provided,mestay,This mestay invites visitors to embrace peaceful kampung living and rural charm. Guests can enjoy scenic surroundings and cultural experiences.,NULL
183,mestay.kampung.darul.islam.belimbing.@host.demo.my,pass255,mestay Kampung Darul Islam Belimbing ,mestay Kampung Darul Islam Belimbing ,016-8551793 / 010-50,Not Provided,mestay,Guests can enjoy traditional village spitality in a serene environment. This mestay offers cultural warmth and relaxing experiences.,NULL
184,mestay.sg..asap.@host.demo.my,pass256,mestay Sg. Asap ,mestay Sg. Asap ,082-750108 / 019-876,Not Provided,mestay,mestay Sg. Asap welcomes guests with authentic cultural interactions and scenic views. Visitors can enjoy community-driven spitality.,NULL
185,mestay..kpg.kuala.sebuti.@host.demo.my,pass257,mestay  Kpg.Kuala Sebuti ,mestay  Kpg.Kuala Sebuti ,017-8535394,Not Provided,mestay,This mestay offers a peaceful escape surrounded by coastal and village charm. Guests can enjoy warm cultural experiences and nature activities.,NULL
186,mestay.kampung.narum.@host.demo.my,pass258,mestay Kampung Narum ,mestay Kampung Narum ,019-4686820,Not Provided,mestay,mestay Kampung Narum provides a relaxing village stay rooted in tradition. Visitors can enjoy cultural warmth and scenic rural views.,NULL
187,mestay.rh..hillary.tawan.achai.@host.demo.my,pass259,mestay Rh. Hillary Tawan Achai ,mestay Rh. Hillary Tawan Achai ,085-755260 ,Not Provided,mestay,"This mestay invites travelers into a longuse community filled with tradition. Guests can enjoy cultural stories, activities, and warm spitality.",NULL
188,mestay.ba'kelalan.@host.demo.my,pass260,mestay Ba'Kelalan ,mestay Ba'Kelalan ,019-8543302 / 010-78,Not Provided,mestay,mestay Ba'Kelalan offers a cool highland experience surrounded by mountains and culture. Visitors can enjoy scenic landscapes and local traditions.,NULL
189,mestay.benjamin.angki.@host.demo.my,pass261,mestay Benjamin Angki ,mestay Benjamin Angki ,013-882 3076,Not Provided,mestay,mestay Benjamin Angki welcomes guests into a warm village environment rich with heritage. Visitors can enjoy authentic cultural experiences.,NULL
190,the.ngimat.ayu.use.bario@host.demo.my,pass262,The Ngimat Ayu use Bario,The Ngimat Ayu use Bario,013-840 6187,Not Provided,mestay,"This mestay offers a charming Kelabit cultural experience in the Bario highlands. Guests can enjoy cool weather, heritage stories, and genuine spitality.",NULL
191,mestay.rumah.sibar@host.demo.my,pass263,mestay Rumah Sibar,mestay Rumah Sibar,011-1403 6566,Not Provided,mestay,mestay Rumah Sibar provides guests with meaningful cultural interactions in a peaceful rural setting. Visitors can enjoy warm spitality and scenic views.,NULL
192,kbc.seri.murni@host.demo.my,pass88,KBC Seri Murni,KBC Seri Murni, 010-879 4110,Not Provided,Food & Culinary,KBC Seri Murni welcomes guests to explore local craftsmanship and creative offerings. It provides a charming space to discover handmade cultural items.,NULL
193,mestay.krokong.bau.@host.demo.my,pass264,mestay Krokong Bau ,mestay Krokong Bau ,019-4687518,Not Provided,mestay,"This mestay invites travelers to enjoy nature, caves, and cultural experiences in Bau. Guests can enjoy peaceful village living and community charm.",NULL
194,en..wilson.bana@host.demo.my,pass265,En. Wilson Bana,En. Wilson Bana,014-5778580,Not Provided,mestay,En. Wilson Bana offers visitors warm community-driven experiences reflecting local traditions. Guests can enjoy heartfelt cultural interactions.,NULL
195,"mestay.bougainville,.batu.cave@host.demo.my",pass266,"mestay Bougainville, Batu Cave","mestay Bougainville, Batu Cave",083-337281 / 014-577,Not Provided,mestay,This mestay provides comfortable stays near scenic nature spots and cultural attractions. Visitors can enjoy a peaceful environment and warm spitality.,NULL
196,"mestay.haji.dorani,.sabak.bernam@host.demo.my",pass267,"mestay Haji Dorani, Sabak Bernam","mestay Haji Dorani, Sabak Bernam",013-607 7025,Not Provided,mestay,This mestay offers travelers a traditional paddy field lifestyle experience. Guests can enjoy cultural activities and relaxing rural scenery.,NULL
197,"mestay.banghuris,.sepang@host.demo.my",pass268,"mestay Banghuris, Sepang","mestay Banghuris, Sepang",013-264 1339,Not Provided,mestay,mestay Banghuris welcomes guests to a charming village known for agro-tourism. Visitors can enjoy cultural warmth and hands-on village activities.,NULL
199,agro.tourism.mestay.sg.sireh@host.demo.my,pass269,Agro Tourism mestay Sg Sireh,Agro Tourism mestay Sg Sireh,0 19-346 7372.,Not Provided,mestay,This mestay offers immersive agro-tourism experiences surrounded by paddy fields. Visitors can enjoy farming activities and peaceful kampung life.,NULL
200,"mestay.air.manis,.sabak.bernam@host.demo.my",pass270,"mestay Air Manis, Sabak Bernam","mestay Air Manis, Sabak Bernam",03-3216 1696,Not Provided,mestay,This mestay invites guests to enjoy coastal cultural living and village spitality. Visitors can explore serene landscapes and local traditions.,NULL
201,cikgu.ammar@host.demo.my,pass271,Cikgu Ammar,Cikgu Ammar,014-5119198,Not Provided,mestay,Cikgu Ammar welcomes visitors to experience cultural warmth through meaningful community interactions. His offerings highlight authentic traditions and heartfelt spitality.,NULL
202,pura.tanjung.sabtu.kuala.terengganu@host.demo.my,pass272,Pura Tanjung Sabtu Kuala Terengganu,Pura Tanjung Sabtu Kuala Terengganu,None,Not Provided,Culture & Heritage,Pura Tanjung Sabtu invites travelers to explore royal Malay architecture and cultural heritage. Visitors can enjoy a serene riverside ambiance filled with tradition.,NULL
203,ayer.limau.mestay@host.demo.my,pass273,Ayer Limau mestay,Ayer Limau mestay,012-92783707,Not Provided,mestay,Ayer Limau mestay provides guests with a peaceful village escape surrounded by nature. Visitors can enjoy warm spitality and authentic kampung living.,NULL
204,private.malacca.historical.tour@host.demo.my,pass60,Private Malacca Historical tour,Private Malacca Historical tour,Not Provided,Not Provided,Culture & Heritage,This tour provides an immersive journey into Malacca’s rich historical landscape. Visitors can explore heritage sites and learn fascinating stories from the past.,NULL
205,kampung.alai.mestay@host.demo.my,pass274,Kampung Alai mestay,Kampung Alai mestay,06 384 7822/012 682 ,Not Provided,mestay,Kampung Alai mestay welcomes visitors to discover Melaka’s heritage through village life and cultural activities. Guests can enjoy warm local spitality and scenic views.,NULL
206,kampung.morten.mestay@host.demo.my,pass275,Kampung Morten mestay,Kampung Morten mestay,016 666 6649,Not Provided,mestay,Kampung Morten mestay offers stays in the heart of a historical Malay village. Visitors can explore heritage mes and enjoy cultural charm.,NULL
207,kampung.parit.penghulu.mestay@host.demo.my,pass276,Kampung Parit Penghulu mestay,Kampung Parit Penghulu mestay,012 229 0848,Not Provided,mestay,This mestay invites guests to experience traditional Melaka village life. Visitors can enjoy cultural activities and warm spitality.,NULL
208,kampung.pulai.mestay@host.demo.my,pass277,Kampung Pulai mestay,Kampung Pulai mestay,,Not Provided,mestay,Kampung Pulai mestay provides a relaxing stay surrounded by greenery and community warmth. Visitors can enjoy cultural traditions and peaceful village life.,NULL
209,seri.tanjung.mestay@host.demo.my,pass278,Seri Tanjung mestay,Seri Tanjung mestay,019 666 4948/06 261 ,Not Provided,mestay,Seri Tanjung mestay welcomes travelers to a calm rural setting with friendly local sts. Guests can enjoy cultural insights and nature-rich surroundings.,NULL
210,tambak.paya.mestay@host.demo.my,pass279,Tambak Paya mestay,Tambak Paya mestay,013 613 8821,Not Provided,mestay,Tambak Paya mestay offers a serene kampung stay with warm community interactions. Visitors can enjoy peaceful scenery and authentic cultural experiences.,NULL
211,"mestay.kampung.pasir.raja,.dungun@host.demo.my",pass280,"mestay Kampung Pasir Raja, Dungun",mestay Kampung Pasir Raja Dungun,012 669 7269,Not Provided,mestay,"This mestay provides an immersive nature and village experience in Dungun. Visitors can enjoy river views, cultural stories, and traditional spitality.",NULL
212,"mestay.kampung.buluh,.kuala.berang@host.demo.my",pass281,"mestay Kampung Buluh, Kuala Berang","mestay Kampung Buluh, Kuala Berang",09-8223100 / 019-957,Not Provided,mestay,mestay Kampung Buluh welcomes guests to enjoy scenic landscapes and rural warmth. Visitors can experience traditional Terengganu culture firsthand.,NULL
213,"mestay.pulau.duyong,.kuala.terengganu@host.demo.my",pass282,"mestay Pulau Duyong, Kuala Terengganu",mestay Pulau Duyong Kuala Terengganu,013-902 5402,Not Provided,mestay,This mestay invites guests to explore the historic Duyong Island community. Visitors can enjoy cultural heritage and relaxing river views.,NULL
214,taman.sedia.mestay@host.demo.my,pass283,Taman Sedia mestay,Taman Sedia mestay,012-928 8007,Not Provided,mestay,Taman Sedia mestay offers refreshing mountain air and village spitality in Cameron Highlands. Visitors can enjoy strawberry farms and cool-weather charm.,NULL
215,pak.lim@host.demo.my,pass154,Pak Lim,Pak Lim,010-363 7599,Not Provided,Arts & Crafts,Pak Lim welcomes guests to enjoy local experiences grounded in heritage and warmth. Visitors can expect authentic interactions guided by genuine spitality.,NULL
216,kuala.medang.mestay@host.demo.my,pass284,Kuala Medang mestay,Kuala Medang mestay, 605-4911295 / 6016-,Not Provided,mestay,Kuala Medang mestay provides a peaceful rural retreat with river activities. Visitors can enjoy cultural warmth and scenic nature views.,NULL
217,sungai.pasu.mestay@host.demo.my,pass285,Sungai Pasu mestay,Sungai Pasu mestay,"    
609-331 3333 / ",Not Provided,mestay,Sungai Pasu mestay welcomes guests to a charming village surrounded by greenery. Visitors can relax and enjoy authentic Pahang kampung life.,NULL
218,mestay.kampung.baru.salong@host.demo.my,pass286,mestay Kampung Baru Salong,mestay Kampung Baru Salong,6019-314 2558,Not Provided,mestay,This mestay offers a warm village stay filled with cultural charm. Visitors can enjoy peaceful surroundings and welcoming sts.,NULL
219,mestay.desa.murni@host.demo.my,pass287,mestay Desa Murni,mestay Desa Murni,60199161402 / 601998,Not Provided,mestay,mestay Desa Murni invites travelers to discover community traditions and rural crafts. Guests can enjoy meaningful interactions and cultural activities.,NULL
220,mestay.janda.baik@host.demo.my,pass288,mestay Janda Baik,mestay Janda Baik,60199865070 / 6013 9,Not Provided,mestay,mestay Janda Baik offers cool-weather retreats surrounded by forests and rivers. Visitors can enjoy peaceful stays perfect for relaxation and nature lovers.,NULL
221,mestay.felda.mata.air@host.demo.my,pass289,mestay Felda Mata Air,mestay Felda Mata Air,6019 299 1994 / 609 ,Not Provided,mestay,This mestay provides warm spitality within a vibrant FELDA community. Visitors can enjoy local traditions and a relaxing rural setting.,NULL
222,mestay..kampung.ujung.bukit.kangar@host.demo.my,pass290,mestay  Kampung Ujung Bukit Kangar,mestay  Kampung Ujung Bukit Kangar,6019 541 5339,Not Provided,mestay,Guests can enjoy traditional Perlis village life in this peaceful mestay. It offers cultural experiences and scenic countryside views.,NULL
223,mestay.paya.guring@host.demo.my,pass291,mestay Paya Guring,mestay Paya Guring,604 9762491 / 6012 4,Not Provided,mestay,mestay Paya Guring welcomes guests to enjoy local spitality and serene village scenery. Visitors can explore cultural activities and community traditions.,NULL
224,mestay.jereju@host.demo.my,pass292,mestay Jereju,mestay Jereju,6019-5488519,Not Provided,mestay,mestay Jereju offers a cozy rural stay surrounded by natural beauty. Visitors can enjoy a peaceful environment perfect for cultural discovery.,NULL
225,mestay.kampung.pulau.tuba@host.demo.my,pass293,mestay Kampung Pulau Tuba,mestay Kampung Pulau Tuba,604-794 0263,Not Provided,mestay,This mestay invites travelers to explore an island village full of culture and natural charm. Visitors can enjoy scenic beaches and warm community life.,NULL
226,maria.kek.lapis@host.demo.my,pass128,Maria Kek Lapis,Maria Kek Lapis,014-897 2145,Not Provided,Food & Culinary,Maria Kek Lapis delights visitors with beautifully layered cakes made using traditional Sarawakian metds. Each bite reflects heritage craftsmanship and delicious flavors.,NULL
227,cekpah.chickeboom@host.demo.my,pass121,CekPah Chickeboom,CekPah Chickeboom, 06-288 8380,Not Provided,Food & Culinary,CekPah Chickeboom offers flavorful local dishes crafted with passion and me-style recipes. Visitors can enjoy satisfying meals that celebrate Malaysian culinary culture.,NULL
228,mestay.wang.tok.rendong@host.demo.my,pass294,mestay Wang Tok Rendong,mestay Wang Tok Rendong,"6049666102, / 601742",Not Provided,mestay,mestay Wang Tok Rendong offers guests a calm village retreat with cultural warmth. Visitors can enjoy traditional activities and peaceful surroundings.,NULL
229,mestay.relau@host.demo.my,pass295,mestay Relau,mestay Relau,6016-461 1146 /  604,Not Provided,mestay,mestay Relau provides an inviting rural stay with friendly community sts. Visitors can enjoy local culture and refreshing countryside experiences.,NULL
230,mestay.keda.ulu.legong@host.demo.my,pass296,mestay Keda Ulu Legong,mestay Keda Ulu Legong,6013-4351520 / 604-5,Not Provided,mestay,This mestay offers peaceful kampung living near t spring attractions. Visitors can enjoy nature-rich surroundings and warm spitality.,NULL
231,mestay.kampung.padang.lalang@host.demo.my,pass297,mestay Kampung Padang Lalang,mestay Kampung Padang Lalang,6019-5088258,Not Provided,mestay,mestay Kampung Padang Lalang welcomes guests with genuine village warmth. Visitors can enjoy cultural stories and scenic rural views.,NULL
232,mestay.kampung.bukit.tangga@host.demo.my,pass298,mestay Kampung Bukit Tangga,mestay Kampung Bukit Tangga,604-9591561/ 6012-47,Not Provided,mestay,This mestay provides a relaxing environment surrounded by nature. Visitors can enjoy cultural traditions and peaceful kampung life.,NULL
233,mestay.teluk.bahang@host.demo.my,pass299,mestay Teluk Bahang,mestay Teluk Bahang,6017-4017110/  604-9,Not Provided,mestay,mestay Teluk Bahang invites guests to explore Penang’s nature parks and coastal attractions. Visitors can enjoy a blend of culture and seaside charm.,NULL
234,mestay.pulau.aman@host.demo.my,pass300,mestay Pulau Aman,mestay Pulau Aman,6012 583 1710 / 6019,Not Provided,mestay,mestay Pulau Aman offers island-style stays rich with fishing village culture. Visitors can enjoy fresh seafood and calm coastal beauty.,NULL
235,mestay.jalan.baru@host.demo.my,pass301,mestay Jalan Baru,mestay Jalan Baru,6013-4590330/ 6019-5,Not Provided,mestay,This mestay provides warm spitality near local attractions and cultural sites. Visitors can enjoy community interactions and peaceful village scenery.,NULL
236,mestay.mengkuang.titi@host.demo.my,pass302,mestay Mengkuang Titi,mestay Mengkuang Titi,6016-4618553,Not Provided,mestay,"mestay Mengkuang Titi welcomes guests to a traditional Penang village. Visitors can enjoy cultural craftwork, local food, and serene surroundings.",NULL
237,mestay.sungai.semilang@host.demo.my,pass303,mestay Sungai Semilang,mestay Sungai Semilang,604-3707587,Not Provided,mestay,This mestay invites visitors to enjoy relaxed village living near nature reserves. Guests can appreciate cultural warmth and quiet surroundings.,NULL
238,hajah.tijah@host.demo.my,pass39,Hajah Tijah,Hajah Tijah,012-671 7488,Not Provided,Food & Culinary,Hajah Tijah welcomes guests with heartfelt spitality rooted in tradition. Her offerings reflect the warmth of local culture and community living.,NULL
239,mestay.pulau.betong@host.demo.my,pass304,mestay Pulau Betong,mestay Pulau Betong,6019-4279860,Not Provided,mestay,mestay Pulau Betong offers coastal village experiences rich with tradition. Visitors can enjoy community spitality and scenic sea views.,NULL
240,mestay.sungai.cenaam@host.demo.my,pass305,mestay Sungai Cenaam,mestay Sungai Cenaam,604-8669770/ 6012-49,Not Provided,mestay,mestay Sungai Cenaam provides a peaceful kampung stay surrounded by nature. Visitors can enjoy relaxing river views and cultural activities.,NULL
241,mestay.sungai.setar@host.demo.my,pass306,mestay Sungai Setar,mestay Sungai Setar,6012-5094368/ 6013-4,Not Provided,mestay,This mestay offers a calm rural environment perfect for cultural discovery. Visitors can enjoy authentic Malay spitality and scenic landscapes.,NULL
242,mestay.kampung.beng@host.demo.my,pass307,mestay Kampung Beng,mestay Kampung Beng,6013-4895636/  6012-,Not Provided,mestay,"mestay Kampung Beng welcomes travelers to a lakeside village known for its beauty. Visitors can enjoy boat rides, nature views, and cultural warmth.",NULL
243,mestay.sungai.klah@host.demo.my,pass308,mestay Sungai Klah,mestay Sungai Klah,6016-5654303,Not Provided,mestay,This mestay offers relaxing rural stays near t spring attractions. Visitors can enjoy cultural experiences and refreshing nature.,NULL
244,mestay..bukit.gantang@host.demo.my,pass309,mestay  Bukit Gantang,mestay  Bukit Gantang,605-438 6869/  605-5,Not Provided,mestay,mestay Bukit Gantang invites guests to enjoy orchard tours and cultural storytelling. Visitors can experience warm village spitality.,NULL
245,mestay.gopeng@host.demo.my,pass310,mestay Gopeng,mestay Gopeng,6012-4842742 /   605,Not Provided,mestay,"mestay Gopeng offers adventure, culture, and nature in one destination. Guests can enjoy rafting, caves, and welcoming local sts.",NULL
246,mestay.selekoh@host.demo.my,pass311,mestay Selekoh,mestay Selekoh,6012-5060700 / 019-4,Not Provided,mestay,"This mestay offers peaceful village stays with vibrant cultural traditions. Visitors can enjoy local food, crafts, and warm spitality.",NULL
247,mestay.bagan.datoh@host.demo.my,pass312,mestay Bagan Datoh,mestay Bagan Datoh,6019-5265564/  6019-,Not Provided,mestay,"mestay Bagan Datoh provides a serene coastal village experience. Visitors can enjoy mangrove tours, seafood, and cultural warmth.",NULL
248,mestay.renok.baru@host.demo.my,pass313,mestay Renok Baru,mestay Renok Baru,6019-5499777,Not Provided,mestay,mestay Renok Baru offers guests calm rural surroundings and friendly sts. Visitors can enjoy authentic cultural experiences in a peaceful setting.,NULL
249,cencol.sagu.rumbia@host.demo.my,pass25,Cencol Sagu Rumbia,Cencol Sagu Rumbia,011-2345 8765,Not Provided,Food & Culinary,Cencol Sagu Rumbia offers guests a taste of traditional sago-based delicacies made with ancestral recipes. It’s a flavorful cultural experience rooted in heritage.,NULL
250,mestay.nelayan.pantai.suri@host.demo.my,pass314,mestay Nelayan Pantai Suri,mestay Nelayan Pantai Suri,609-9126340/  6012-9,Not Provided,mestay,"This mestay brings guests into the lifestyle of a fishing village. Visitors can enjoy sea views, cultural traditions, and community spitality.",NULL
251,mestay.seterpa@host.demo.my,pass315,mestay Seterpa,mestay Seterpa,6014-8474865/  609-7,Not Provided,mestay,mestay Seterpa offers guests scenic paddy field landscapes and warm cultural interactions. Visitors can enjoy immersive kampung experiences.,NULL
252,mestay.bukit.jering@host.demo.my,pass316,mestay Bukit Jering,mestay Bukit Jering,6013-9393553/  6019-,Not Provided,mestay,mestay Bukit Jering provides a peaceful village environment perfect for relaxation. Visitors can enjoy cultural warmth and nature-focused activities.,NULL
253,mestay.batu.papan@host.demo.my,pass317,mestay Batu Papan,mestay Batu Papan,6019-9061911/  6019-,Not Provided,mestay,This mestay offers a cozy rural stay surrounded by natural attractions. Visitors can enjoy cultural insights and outdoor activities.,NULL
254,mstay.kampung.kubang.telaga@host.demo.my,pass318,mstay Kampung Kubang Telaga,mstay Kampung Kubang Telaga,609-9123400/  609-91,Not Provided,mestay,mstay Kampung Kubang Telaga welcomes guests to a friendly traditional village. Visitors can enjoy cultural charm and peaceful surroundings.,NULL
255,mestay.kampung.kemunchup@host.demo.my,pass319,mestay Kampung Kemunchup,mestay Kampung Kemunchup,6013  6789893/  6019,Not Provided,mestay,This mestay provides warm village spitality in a serene rural setting. Visitors can enjoy cultural activities and relaxing natural scenery.,NULL
256,mestay.pelegong@host.demo.my,pass320,mestay Pelegong,mestay Pelegong,6010  919 075,Not Provided,mestay,mestay Pelegong invites guests to enjoy cultural traditions and community warmth. Visitors can appreciate authentic village life.,NULL
257,mestay.klawang@host.demo.my,pass321,mestay Klawang,mestay Klawang,6013  3954189,Not Provided,mestay,mestay Klawang offers a calm countryside escape surrounded by greenery. Visitors can enjoy cultural experiences and village spitality.,NULL
258,mestay.mudin.hasan@host.demo.my,pass322,mestay Mudin Hasan,mestay Mudin Hasan,6019-2731507 / 60661,Not Provided,mestay,mestay Mudin Hasan provides meaningful cultural interactions and traditional warmth. Visitors can enjoy a peaceful kampung stay.,NULL
259,mestay.pachitan@host.demo.my,pass323,mestay Pachitan,mestay Pachitan,6019-277 3160,Not Provided,mestay,This mestay offers scenic coastal village charm and warm community spitality. Visitors can enjoy calm surroundings and cultural experiences.,NULL
260,uncle.wong.happy.farm@host.demo.my,pass216,Uncle Wong Happy Farm,Uncle Wong Happy Farm,010-7788 1122,Not Provided,Nature & Eco,This farm offers fun outdoor activities and interactive animal experiences. Visitors can enjoy relaxing countryside moments perfect for family outings.,NULL
261,mestay.kampung.lonek@host.demo.my,pass324,mestay Kampung Lonek,mestay Kampung Lonek,6012-6075597 ,Not Provided,mestay,mestay Kampung Lonek welcomes guests with friendly sts and cultural richness. Visitors can enjoy rural traditions and peaceful nature.,NULL
262,mestay.gemas@host.demo.my,pass325,mestay Gemas,mestay Gemas,6019-2871410,Not Provided,mestay,mestay Gemas provides cozy stays surrounded by historical and cultural charm. Visitors can enjoy authentic spitality and local experiences.,NULL
263,mestay.f'best@host.demo.my,pass326,mestay F'best,mestay F'best,607-9481143 / 601263,Not Provided,mestay,mestay F’best offers vibrant cultural interactions and welcoming village sts. Visitors can enjoy local activities and relaxed rural living.,NULL
264,mestay.batang.nyamor@host.demo.my,pass327,mestay Batang Nyamor,mestay Batang Nyamor,6019-5175327 / 606-4,Not Provided,mestay,This mestay welcomes guests to a riverside setting with cultural warmth. Visitors can enjoy peaceful views and authentic kampung life.,NULL
265,mestay.batang.bangkinang@host.demo.my,pass328,mestay Batang Bangkinang,mestay Batang Bangkinang,6013-6543746 / 606-4,Not Provided,mestay,mestay Batang Bangkinang offers a warm rural stay surrounded by nature. Visitors can enjoy cultural traditions and friendly sts.,NULL
266,mestay.kampung.parit@host.demo.my,pass329,mestay Kampung Parit,mestay Kampung Parit, 6012-2752234,Not Provided,mestay,mestay Kampung Parit provides guests with cultural insights and rural charm. Visitors can enjoy local activities and community spitality.,NULL
267,mestay.kampung.sinaran.baru@host.demo.my,pass330,mestay Kampung Sinaran Baru,mestay Kampung Sinaran Baru,6013-3806810,Not Provided,mestay,"This mestay offers peaceful stays in a vibrant, welcoming village. Visitors can enjoy cultural experiences and scenic surroundings.",NULL
268,mestay.kampung.permatang.sepam@host.demo.my,pass331,mestay Kampung Permatang Sepam,mestay Kampung Permatang Sepam,6012-7149871,Not Provided,mestay,mestay Kampung Permatang Sepam welcomes guests to discover authentic village life. Visitors can enjoy community warmth and natural beauty.,NULL
269,mestay.kampung.ayer.papan@host.demo.my,pass332,mestay Kampung Ayer Papan,mestay Kampung Ayer Papan,6012-7373627,Not Provided,mestay,This mestay provides relaxing coastal village experiences with cultural richness. Visitors can enjoy scenic views and warm spitality.,NULL
270,mestay.tanjung.piai@host.demo.my,pass333,mestay Tanjung Piai,mestay Tanjung Piai,6019-7624137,Not Provided,mestay,"mestay Tanjung Piai offers nature and cultural experiences near Malaysia’s southernmost point. Visitors can enjoy mangroves, sea views, and local traditions.",NULL
271,kopel.kinabatangan@host.demo.my,pass135,Kopel Kinabatangan,Kopel Kinabatangan,0 88-222 333,Not Provided,Nature & Eco,Kopel Kinabatangan guides travelers through Kinabatangan’s breathtaking wildlife and river habitats. Their eco-tours offer unforgettable nature encounters and conservation insights.,NULL
272,mestay.kampung.puteri.menangis@host.demo.my,pass334,mestay Kampung Puteri Menangis,mestay Kampung Puteri Menangis,607-6960220,Not Provided,mestay,This mestay welcomes guests to enjoy meaningful cultural interactions. Visitors can experience warm spitality and peaceful kampung living.,NULL
273,mestay.seri.gunung.pulai@host.demo.my,pass335,mestay Seri Gunung Pulai,mestay Seri Gunung Pulai,607-6989301  /  6012,Not Provided,mestay,"mestay Seri Gunung Pulai welcomes adventure lovers with forest trails and nature experiences. Visitors can enjoy cool air, scenic views, and warm sts.",NULL
274,mestay.parit.bugis@host.demo.my,pass336,mestay Parit Bugis,mestay Parit Bugis,607-6963692/  607-69,Not Provided,mestay,"mestay Parit Bugis offers rich cultural experiences rooted in Jor village traditions. Visitors can enjoy crafts, food, and community warmth.",NULL
275,mestay.felda.semenchu@host.demo.my,pass337,mestay Felda Semenchu,mestay Felda Semenchu,6013-7744244,Not Provided,mestay,This mestay provides cozy stays in a vibrant FELDA community. Visitors can enjoy rural activities and friendly cultural exchanges.,NULL
276,mestay.kampung.perigi.acheh@host.demo.my,pass338,mestay Kampung Perigi Acheh,mestay Kampung Perigi Acheh,607-8954006/  6017-7,Not Provided,mestay,mestay Kampung Perigi Acheh welcomes guests to explore traditional culture in a peaceful village. Visitors can enjoy scenic surroundings and warm sts.,NULL
277,mestay.kampung.baru.bt.28@host.demo.my,pass339,mestay Kampung Baru Bt 28,mestay Kampung Baru Bt 28,607  2513720,Not Provided,mestay,This mestay invites guests to experience authentic Malay village life. Visitors can enjoy cultural activities and a relaxing rural atmosphere.,NULL
278,mestay.sungai.labu@host.demo.my,pass340,mestay Sungai Labu,mestay Sungai Labu,606  9711150,Not Provided,mestay,mestay Sungai Labu provides scenic river views and cultural warmth. Visitors can enjoy peaceful stays and community spitality.,NULL
279,mestay.kampung.patau-patau@host.demo.my,pass341,mestay Kampung Patau-Patau,mestay Kampung Patau-Patau,6016  8041147,Not Provided,mestay,mestay Kampung Patau-Patau invites visitors into a charming stilt village above the water. Guests can enjoy cultural insights and serene coastal beauty.,NULL
280,mestay.bukit.kuda..labuan@host.demo.my,pass342,mestay Bukit Kuda. Labuan,mestay Bukit Kuda. Labuan,6016  8246193,Not Provided,mestay,This mestay offers peaceful stays surrounded by nature and cultural charm. Visitors can enjoy warm spitality and relaxing village life.,NULL
281,sky.ladder.pineapple.farm@host.demo.my,pass191,Sky Ladder Pineapple Farm,Sky Ladder Pineapple Farm,010-1122 3344,Not Provided,Nature & Eco,This farm invites guests to enjoy fresh pineapples and scenic countryside views. Visitors can explore agricultural experiences in a relaxing environment.,NULL
282,jelita.ostrich.farm@host.demo.my,pass70,Jelita Ostrich Farm,Jelita Ostrich Farm,012-3456 7890,Not Provided,Nature & Eco,Jelita Ostrich Farm provides a fun and educational farm experience featuring up-close encounters with ostriches. It’s a great destination for families and animal lovers.,NULL
283,kedai.kraftangan.lina.madu@host.demo.my,pass90,Kedai Kraftangan Lina Madu,Kedai Kraftangan Lina Madu,019-556 2234,Not Provided,Arts & Crafts,This craft sp swcases handmade creations inspired by local culture and heritage. Visitors can explore unique items crafted with skill and creativity.,NULL
284,mariwansa.kraftangan@host.demo.my,pass129,Mariwansa Kraftangan,Mariwansa Kraftangan,012-887 6645,Not Provided,Arts & Crafts,Mariwansa Kraftangan swcases intricate craftwork inspired by cultural motifs. Visitors can explore unique handmade items that celebrate local artistry.,NULL
285,hayat.creative.craft@host.demo.my,pass58,Hayat Creative Craft,Hayat Creative Craft,017-440 2290,Not Provided,Arts & Crafts,Hayat Creative Craft swcases beautiful handmade creations inspired by local artistry. Visitors can explore unique pieces that highlight creativity and tradition.,NULL
286,dayak.bidayuh.heritage@host.demo.my,pass36,Dayak Bidayuh Heritage,Dayak Bidayuh Heritage,011-358 2209,Not Provided,Culture & Heritage,"Dayak Bidayuh Heritage introduces visitors to Bidayuh culture through traditional uses, stories, and hands-on activities. It’s a rich cultural immersion that brings heritage to life.",NULL
287,bd.kraf.enterprise@host.demo.my,pass110,BD KRAF Enterprise,BD KRAF Enterprise,011-220 1443,Not Provided,Arts & Crafts,BD KRAF Enterprise swcases handmade products inspired by local artistry. Guests can explore unique craftwork that reflects cultural creativity.,NULL
288,kraftangan.kuala.kangsar@host.demo.my,pass103,Kraftangan Kuala Kangsar,Kraftangan Kuala Kangsar,013-887 9300,Not Provided,Arts & Crafts,Kraftangan Kuala Kangsar highlights exquisite handcrafted items made using heritage techniques. Guests can explore premium craftwork that reflects Perak’s cultural artistry.,NULL
289,kt.kraf@host.demo.my,pass104,KT Kraf,KT Kraf,016-223 9088,Not Provided,Arts & Crafts,KT Kraf swcases beautiful handmade creations rooted in Terengganu’s cultural traditions. Visitors can appreciate unique craftsmanship and creative local expressions.,NULL
290,kuala.sepetang.eco.team@host.demo.my,pass105,Kuala Sepetang Eco Team,Kuala Sepetang Eco Team,019-574 7078,Not Provided,Nature & Eco,Kuala Sepetang Eco Team guides guests through mangrove forests and historic fishing villages. Their eco-tours offer scenic views and fascinating insights into nature and heritage.,NULL
291,nomad.adventure@host.demo.my,pass147,Nomad Adventure,Nomad Adventure,013-277 0500,Not Provided,Nature & Eco,Nomad Adventure invites thrill-seekers to enjoy outdoor adventures like rafting and hiking. Their guided experiences blend excitement with environmental appreciation.,NULL
292,backyard.tour@host.demo.my,pass43,Backyard Tour,Backyard Tour,011-1584 1448,Not Provided,Nature & Eco,"Backyard Tour takes visitors behind the scenes of local communities to enjoy authentic daily life experiences. Their tours highlight heritage, culture, and warm rural spitality.",NULL
293,hami.ecofarm@host.demo.my,pass56,Hami EcoFarm,Hami EcoFarm,011-1062 9023,Not Provided,Nature & Eco,Hami EcoFarm welcomes guests to explore sustainable farming practices in a serene rural setting. Visitors can enjoy hands-on activities and a closer connection to nature.,NULL
294,ya.harumanis@host.demo.my,pass221,YA Harumanis,YA Harumanis,012-777 8822,Not Provided,Food & Culinary,YA Harumanis celebrates the sweetness of premium Harumanis mangoes from Perlis. Visitors can enjoy high-quality mango products made with local pride.,NULL
295,beadstory.&.crafts@host.demo.my,pass14,BeadStory & Crafts,BeadStory & Crafts,016-872 9932,Not Provided,Arts & Crafts,BeadStory & Crafts brings visitors into the colorful world of handmade beadwork and cultural artistry. Guests can enjoy browsing unique creations and learning traditional techniques.,NULL
296,naimah.harumanis@host.demo.my,pass141,Naimah Harumanis,Naimah Harumanis,013-889 1123,Not Provided,Food & Culinary,"Naimah Harumanis highlights premium Harumanis mango products from Perlis. Visitors can enjoy sweet, fragrant specialties made with care.",NULL
297,abdullah.harumanis@host.demo.my,pass165,Abdullah Harumanis,Abdullah Harumanis,014-221 4432,Not Provided,Food & Culinary,Abdullah Harumanis highlights the sweetness of Perlis Harumanis mangoes. Visitors can enjoy premium products crafted with local pride.,NULL
298,khn.harum.manis@host.demo.my,pass99,KHN Harum Manis,KHN Harum Manis,017-800 9922,Not Provided,Food & Culinary,KHN Harum Manis introduces guests to sweet and fragrant Harumanis mango products. Visitors can enjoy premium-quality treats rooted in Perlis produce.,NULL
299,tasik.santuari.crew@host.demo.my,pass21,Tasik Santuari Crew,Tasik Santuari Crew,018-889 4421,Not Provided,Nature & Eco,"Tasik Santuari Crew brings travelers onto serene waters to enjoy peaceful lake adventures. Their tours offer stunning views and a calm, enjoyable experience.",NULL
300,kampung.warna.warni@host.demo.my,pass30,Kampung Warna Warni,Kampung Warna Warni,011-909 2299,Not Provided,Nature & Eco,"Kampung Warna Warni offers a vibrant village experience decorated with colorful murals and artistic charm. It’s a lively spot perfect for ptos, cultural walks, and community stories.",NULL
301,perlis.vineyard@host.demo.my,pass163,Perlis Vineyard,Perlis Vineyard,016-778 1200,Not Provided,Nature & Eco,Perlis Vineyard welcomes guests to scenic grape farms perfect for leisure visits. It offers fresh produce and a relaxing agricultural experience.,NULL
302,cameron.eco.tour@host.demo.my,pass24,Cameron Eco Tour,Cameron Eco Tour,017-889 4421,Not Provided,Nature & Eco,"Cameron Eco Tour guides travelers through the natural beauty of Cameron Highlands. Their tours highlight scenic landscapes, local farms, and refreshing cool-weather experiences.",NULL
303,jabatan.perhutanan.pahang@host.demo.my,pass199,Jabatan Perhutanan Pahang,Jabatan Perhutanan Pahang,09-573 2911,Not Provided,Nature & Eco,Jabatan Perhutanan Pahang provides educational eco-experiences highlighting forest conservation and biodiversity. Visitors can explore nature trails and learn about sustainable environmental practices.,NULL
304,tanoti@host.demo.my,pass172,Tanoti,Tanoti,082-239 277,Not Provided,Arts & Crafts,Tanoti celebrates fine handcrafted textiles made with traditional weaving skills. Visitors can appreciate premium pieces that embody heritage artistry.,NULL
305,kwm.craft@host.demo.my,pass220,KWM Craft,KWM Craft,017-675 5236,Not Provided,Arts & Crafts,KWM Craft swcases beautiful handmade products inspired by Malaysian culture. Visitors can enjoy unique creations crafted with passion and skill.,NULL
306,pine.valley.resort@host.demo.my,pass168,Pine Valley Resort,Pine Valley Resort,010-889 2310,Not Provided,Nature & Eco,Pine Valley Resort offers guests a peaceful nature retreat with scenic surroundings. It’s perfect for relaxing stays and refreshing outdoor escapes.,NULL
307,zakka.campsite@host.demo.my,pass223,Zakka Campsite,Zakka Campsite,017-671 9933,Not Provided,Nature & Eco,Zakka Campsite provides cozy outdoor stays surrounded by natural beauty. It offers a peaceful escape perfect for campers seeking tranquility.,NULL
308,la.campsite.team@host.demo.my,pass62,la Campsite Team,la Campsite Team,019-773 1221,Not Provided,Nature & Eco,la Campsite Team welcomes adventurers to enjoy outdoor stays surrounded by natural beauty. They provide a relaxing camping experience with warm spitality.,NULL
309,parit.falls.eco.site@host.demo.my,pass157,Parit Falls Eco Site,Parit Falls Eco Site,05-491 1111,Not Provided,Nature & Eco,Parit Falls Eco Site invites guests to relax at scenic waterfalls surrounded by lush highland greenery. It’s a refreshing nature escape perfect for outdoor lovers.,NULL
310,cozy.leisure.farm@host.demo.my,pass31,Cozy Leisure Farm,Cozy Leisure Farm,013-889 3344,Not Provided,Nature & Eco,Cozy Leisure Farm welcomes visitors to a peaceful countryside setting complete with greenery and playful farm activities. It’s an ideal retreat for families seeking a slow-paced escape.,NULL
311,treegrow.camp@host.demo.my,pass213,Treegrow Camp,Treegrow Camp,014-671 5512,Not Provided,Nature & Eco,Treegrow Camp invites adventure lovers to enjoy forest camping and eco activities. It offers refreshing nature stays perfect for outdoor exploration.,NULL
312,the.backyard.glamping@host.demo.my,pass207,The Backyard Glamping,The Backyard Glamping,018-772 2299,Not Provided,Nature & Eco,The Backyard Glamping offers stylish outdoor stays surrounded by greenery and cozy ambiance. Visitors can enjoy a relaxing escape with modern glamping comfort.,NULL
313,amoss.dome.stay@host.demo.my,pass1,A’moss Dome Stay,A’moss Dome Stay,017-300 1142,Not Provided,Nature & Eco,A’moss Dome Stay invites travelers to experience a scenic dome-style retreat surrounded by nature. It provides a peaceful escape with refreshing views and an unforgettable stay.,NULL
314,malaysia.games.fest@host.demo.my,pass123,Malaysia Games Fest,Malaysia Games Fest,03-8888 8888,Not Provided,Festivals & Performances,Malaysia Games Fest invites visitors to enjoy exciting cultural games and festival activities. It creates a fun-filled atmosphere celebrating creativity and local talent.,NULL
315,wau.fun.run.committee@host.demo.my,pass219,Wau Fun Run Committee,Wau Fun Run Committee,017-667 5522,Not Provided,Festivals & Performances,Wau Fun Run Committee brings communities together through lively cultural events and activities. They create memorable gatherings that highlight local heritage and fun.,NULL
316,keropok.lekor.ori.terengganu.no.1@host.demo.my,pass96,Keropok Lekor Ori Terengganu No.1,Keropok Lekor Ori Terengganu No.1, 011-5915 0515,Not Provided,Food & Culinary,"This business serves authentic Terengganu keropok lekor made with fresh ingredients. Visitors can enjoy crispy, flavorful snacks rooted in coastal culinary heritage.",NULL
317,lambo.sari@host.demo.my,pass113,Lambo Sari,Lambo Sari,019-943 8979,Not Provided,Culture & Heritage,Lambo Sari offers traditional handmade items crafted with care and cultural identity. Visitors can appreciate meaningful pieces that reflect local heritage.,NULL
318,lentera.festival.team@host.demo.my,pass47,Lentera Festival Team,Lentera Festival Team,011-1200 3345,Not Provided,Festivals & Performances,Lentera Festival Team brings cultural celebrations to life through vibrant performances and creative swcases. Their events highlight the richness of local traditions.,NULL
319,kadaiku.sabah@host.demo.my,pass74,Kadaiku Sabah,Kadaiku Sabah,088-272 177,Not Provided,Arts & Crafts,Kadaiku Sabah highlights Sabahan culture through locally made crafts and products. It offers visitors a meaningful glimpse into the region’s rich artistic heritage.,NULL
320,the.art.attic.kk@host.demo.my,pass206,The Art Attic KK,The Art Attic KK,011-1504 9203,Not Provided,Arts & Crafts,The Art Attic KK presents creative artworks inspired by Sabahan culture and contemporary design. Guests can explore unique artistic expressions in a charming space.,NULL
321,rustic.borneo.craft@host.demo.my,pass182,Rustic Borneo Craft,Rustic Borneo Craft,014-825 6690,Not Provided,Arts & Crafts,Rustic Borneo Craft highlights handmade tribal-inspired art from Borneo. Visitors can explore beautiful pieces crafted with cultural pride.,NULL
322,kk.handicraft.market@host.demo.my,pass57,KK Handicraft Market,KK Handicraft Market,088-212 121,Not Provided,Arts & Crafts,KK Handicraft Market offers a vibrant selection of traditional crafts handcrafted by local artisans. It’s an ideal spot to explore cultural souvenirs and creative expressions.,NULL
323,rini.craft@host.demo.my,pass176,Rini Craft,Rini Craft,013-883 5562,Not Provided,Arts & Crafts,Rini Craft features handmade creations inspired by cultural artistry. Visitors can explore unique pieces crafted with love and identity.,NULL
324,nohutu.eco.team@host.demo.my,pass146,Nohutu Eco Team,Nohutu Eco Team,014-655 9342,Not Provided,Nature & Eco,Nohutu Eco Team brings adventurers through beautiful nature trails and river activities. Their eco-tours offer refreshing outdoor experiences in Sabah’s landscapes.,NULL
325,murug.turug.eco@host.demo.my,pass137,Murug Turug Eco,Murug Turug Eco,012-866 7289,Not Provided,Nature & Eco,Murug Turug Eco brings guests on nature adventures across lush forest terrain. It offers refreshing outdoor experiences perfect for eco-lovers.,NULL
326,dapako.hill@host.demo.my,pass33,Dapako Hill,Dapako Hill,013-881 2251,Not Provided,Nature & Eco,Dapako Hill offers scenic hilltop views and refreshing natural surroundings. It provides a peaceful environment for relaxation and nature-focused experiences.,NULL
327,tanjak.lestari@host.demo.my,pass200,Tanjak Lestari,Tanjak Lestari,017-876 9685,Not Provided,Culture & Heritage,Tanjak Lestari swcases elegant Malay headgear crafted with cultural pride. Visitors can appreciate detailed craftsmanship rooted in heritage fashion.,NULL
328,juliana.beads.studio@host.demo.my,pass73,Juliana Beads Studio,Juliana Beads Studio,013-777 2489,Not Provided,Arts & Crafts,Juliana Beads Studio swcases beautiful beadwork crafted with precision and creativity. Visitors can explore unique handmade pieces and learn traditional beading techniques.,NULL
329,sahabat.gamelan@host.demo.my,pass185,Sahabat Gamelan,Sahabat Gamelan,013-937 4747,Not Provided,Culture & Heritage,Sahabat Gamelan introduces guests to the enchanting world of traditional gamelan music. Visitors can enjoy performances and learn about this historic art form.,NULL
330,rong.reng.miri@host.demo.my,pass177,Rong Reng Miri,Rong Reng Miri,012-886 3204,Not Provided,Arts & Crafts,Rong Reng Miri invites guests to enjoy musical and cultural performances rooted in Sarawak tradition. It offers lively experiences celebrating community art forms.,NULL
331,long.tuma.bead.centre@host.demo.my,pass173,Long Tuma Bead Centre,Long Tuma Bead Centre,013-807 1129,Not Provided,Arts & Crafts,This center swcases intricate beadwork crafted by skilled artisans. Visitors can explore cultural designs that tell stories through handmade art.,NULL
332,segong.craft.use@host.demo.my,pass188,Segong Craft use,Segong Craft use,011-229 9473,Not Provided,Arts & Crafts,Segong Craft use invites guests to explore tribal-inspired beadwork and crafts. It offers a rich artistic experience rooted in local traditions.,NULL
333,sarawak.handicraft.centre@host.demo.my,pass187,Sarawak Handicraft Centre,Sarawak Handicraft Centre,082-234 599,Not Provided,Arts & Crafts,Sarawak Handicraft Centre swcases traditional crafts from indigenous communities. Visitors can admire detailed handmade products filled with cultural meaning.,NULL
334,sumiran.eco.park@host.demo.my,pass195,Sumiran Eco Park,Sumiran Eco Park,019-887 1877,Not Provided,Nature & Eco,"Sumiran Eco Park welcomes families to enjoy nature activities and farm experiences. It offers a peaceful, educational environment perfect for relaxation.",NULL
335,borneo.happy.farm@host.demo.my,pass19,Borneo Happy Farm,Borneo Happy Farm,016-879 1360,Not Provided,Nature & Eco,"Borneo Happy Farm provides a fun and educational farm experience for families and nature lovers. Visitors can enjoy animal encounters, greenery, and hands-on activities.",NULL
336,vh.green.nature.park@host.demo.my,pass217,VH Green Nature Park,VH Green Nature Park,016-888 7909,Not Provided,Nature & Eco,VH Green Nature Park provides a refreshing eco-park experience surrounded by greenery and wildlife. Visitors can enjoy nature walks and educational activities.,NULL
337,sky.mirror.tour.&.travel@host.demo.my,pass192,Sky Mirror Tour & Travel,Sky Mirror Tour & Travel,010-509 1007,Not Provided,Nature & Eco,Sky Mirror Tour & Travel brings visitors to the famous reflective sandbank for stunning pto opportunities. The experience offers magical ocean views and unforgettable moments.,NULL
338,kek.lapis.mama.su@host.demo.my,pass92,Kek Lapis Mama Su,Kek Lapis Mama Su,017-208 7858,Not Provided,Food & Culinary,Kek Lapis Mama Su invites visitors to savor beautifully layered cakes baked with precision and heritage techniques. Its offerings highlight classic Sarawakian flavors.,NULL
339,pulau.ketam.eco.tour@host.demo.my,pass196,Pulau Ketam Eco Tour,Pulau Ketam Eco Tour,011-667 1912,Not Provided,Nature & Eco,Pulau Ketam Eco Tour guides visitors through a unique fishing village built on stilts. Guests can enjoy cultural insights and scenic coastal life.,NULL
340,kuan.wellness.ecopark@host.demo.my,pass106,Kuan Wellness Ecopark,Kuan Wellness Ecopark,012-334 5987,Not Provided,Nature & Eco,Kuan Wellness Ecopark provides a refreshing escape into nature with wellness-focused attractions. Visitors can enjoy scenic gardens and wlesome eco-experiences.,NULL
341,teratak.rimba.amir@host.demo.my,pass204,Teratak Rimba Amir,Teratak Rimba Amir,013-879 4410,Not Provided,Nature & Eco,Teratak Rimba Amir invites adventurers to enjoy rustic nature stays in a tranquil forest setting. It offers refreshing outdoor experiences perfect for nature lovers.,NULL
342,kampung.kuantan.fireflies@host.demo.my,pass83,Kampung Kuantan Fireflies,Kampung Kuantan Fireflies,019-907 3345,Not Provided,Nature & Eco,Kampung Kuantan Fireflies offers magical nighttime boat rides through glowing firefly habitats. It provides an unforgettable nature experience filled with wonder.,NULL
343,pakmud.batik@host.demo.my,pass155,Pakmud Batik,Pakmud Batik,014-765 2213,Not Provided,Arts & Crafts,Pakmud Batik swcases traditional batik pieces crafted with detailed artistry. Visitors can explore beautiful designs that reflect cultural expression.,NULL
344,batik.use.my@host.demo.my,pass11,Batik use MY,Batik use MY,013-939 6682,Not Provided,Arts & Crafts,"Batik use MY invites visitors to discover traditional batik craftsmanship in a lively, welcoming setting. Guests can learn, explore, and appreciate the beauty of Malaysian batik.",NULL
345,mybatik.studio@host.demo.my,pass138,myBatik Studio,myBatik Studio,012-257 9775,Not Provided,Arts & Crafts,myBatik Studio welcomes visitors to explore batik artistry through engaging worksps. Guests can learn techniques and create their own beautiful designs.,NULL
346,khairol.fiber.group@host.demo.my,pass98,Khairol Fiber Group,Khairol Fiber Group,010-252 6129,Not Provided,Arts & Crafts,Khairol Fiber Group swcases creative products made with innovative fiber materials. Visitors can explore unique items crafted with modern craftsmanship.,NULL
347,sekati.emas.boat.tour@host.demo.my,pass189,Sekati Emas Boat Tour,Sekati Emas Boat Tour,019-448 7381,Not Provided,Nature & Eco,Sekati Emas Boat Tour brings travelers on scenic river routes lined with nature. Guests can enjoy peaceful rides and beautiful views.,NULL
348,jeti.pak.awang.river.cruise@host.demo.my,pass72,Jeti Pak Awang River Cruise,Jeti Pak Awang River Cruise,011-2091 9802,Not Provided,Nature & Eco,This river cruise takes visitors on a peaceful journey along scenic waterways. Guests can enjoy relaxing views and a refreshing escape on the water.,NULL
